번호,상품명,구성물, 제조사 ,사용연령,설명,영역,관리기관전화번호,데이터기준일자
1,리틀타익스 리틀 오션 팝 터틀,본체,리틀타익스,6개월이상,"소리를 통한 감각발달과 12개월까지 가장 주요한 대근육,소근육을 발달할 수 있도록 도와주는 유아완구입니다. 등껍질에 도형을 맞춰보세요. 우리아이의 색,모양 학습이 가능합니다.",조작(탐색),063-432-3400,2022-12-02
2,브이텍걸음마 학습기-한영버전,본체,브이텍,6개월이상,학습패널을 분리해서 단독으로 사용 앉아서 놀 수 있는 6개월 무렵부터 사용할 수 있고 버튼을 눌러보고 끼워도 보며 아이의 소근육이 발달 되며 오감발달에 도움이 됩니다. 걸음마보조기로 안전하게 걸음마를 배울수 있습니다. 한국어와 영어로 나오는 학습패널은 아이의 언어감각을 자극시켜줍니다.,통합놀잇감,063-432-3400,2022-12-02
3,원더키즈 뽀로로 어린이버스,본체,원더키드,36개월이상,뽀로로와 친구들 어린이버스는 123 숫자 공부하고 뽀로로 주제가도 따라부를 수 있어요. 후릭션 기능이 있어 버스를 밀면 앞으로 전진!!,자동차(모형),063-432-3400,2022-12-02
4,코니스 에듀볼,본체,코니스,1세이상,6개의 면마다 각각 다른 재미있고 유익한 놀이가 있어 아이들이 오랫동안 지루해하지 않고 놀이를 하며 학습할 수 있도록 만들어진 코니스의 대표상품입니다.,통합놀잇감,063-432-3400,2022-12-02
5,코니스 에듀테이블,본체,코니스,0개월이상,"모빌,아기체육관,걸음마,아기책상의 4가지 기능으로 신생아때부터 쥬니어때까지 이용할 수 있는 학습기능과 경제성까지 생각한 다기능종합놀이완구입니다.",통합놀잇감,063-432-3400,2022-12-02
6,기글러닝홈,본체,브라이트스타트,12개월이상,"아침부터 밤까지 창 밖 풍경의 변화를 통해 하루를 잉해하고, 숫자와 컬러 등 다양한 표현을 배울 수 있습니다. 아기들이 좋아하는 고양이, 강아지로 친근감을 더하고 손가락을 사용하여 지능을 함께 발달 시키기에 좋은 아이템입니다. ",통합놀잇감,063-432-3400,2022-12-02
7,쇼핑카트,"본체, 도형 3개",브라이트스타트,12개월이상,"걸음을 걸을 때마다 팝콘이 팡팡 튀겨지는 재미있는 쇼핑카트는 요리와 쇼핑카트, 걸음마 보조기 기능을 가진 다기능 장난감입니다.",역할(소꿉),063-432-3400,2022-12-02
8,러닝피쉬,본체,브라이트스타트,6개월이상,"즐거운 음악을 들으며 숫자와 컬러, 알파벳, 도형을 배울 수 있는 러닝피쉬는 버튼을 누르는 것을 좋아하는 아기들의 특징에 맞게 12개의 큰 버튼과 3개의 모드 버튼이 있어 어린 아기들이 더욱 좋아합니다.",조작(탐색),063-432-3400,2022-12-02
9,리틀드라이버,본체,브라이트스타트,12개월이상,진짜 자동차를 운전하는것 같은 기분을 느끼게 해주는 리틀드라이버는 자동차의 기능을 그대로 빼어 닮은 재미있는 운전놀이 장난감입니다.,조작(탐색),063-432-3400,2022-12-02
10,[GINIMAG] 창의학습교구 노트보드,"노트보드, 자석펜 1개, 활동지도서 1권",지니맥,24개월이상,펜으로 그리는 나만의 세상. 노트보드구멍에 자석펜을 갖다 대면 구슬이 올라오면서 그림을 그립니다.,조작(탐색),063-432-3400,2022-12-02
11,리틀타익스 호랑이실로폰,본체,리틀타익스,18개월이상,유아의 리듬감을 발달 시켜주는 음악완구입니다. 건반으로도 실로폰으로도 즐겁게 연주해보세요.,음률,063-432-3400,2022-12-02
12,리틀타익스 아기 기타,본체,리틀타익스,2세이상,아기 기타는 유아의 리듬감과 창의력을 길러주는 음악완구입니다. 줄을 튕길때 마다 LED 불빛이 반짝반짝 빛납니다.,음률,063-432-3400,2022-12-02
13,피셔프라이스 래프앤런 뉴 러닝 테이블,본체,피셔프라이스,6개월부터 36개월,테이블 여기저기에서 나오는 불빛과 동물 캐릭터들과 함께 놀고 움직이고 탐험하도록 아이의 호기심을 자극해 줍니다.,통합놀잇감,063-432-3400,2022-12-02
14,스텝2 이인용밴,본체,스텝2,1.5세부터 5세,두명이 탈수 있는 넓은 지붕차입니다. 뒤쪽의 문짝을 내리고 1명이 더 탈 수 있게끔 이인승으로 사용가능합니다.,신체(승용),063-432-3400,2022-12-02
15,스텝2 빨간모자 아기차,본체,스텝2,1세부터 3세,아이들이 직접 발로 밀며 움직임으로서 아이들의 운동신경을 발달시킵니다.,신체(승용),063-432-3400,2022-12-02
16,스텝2 화장대세트,"화장대, 의자",스텝2,1.5세부터 5세,아이들이 예쁜모양의 화장대에서 모양 흉내내기 놀이를 즐기는 아이들의 놀이 장소입니다. ,역할(소꿉),063-432-3400,2022-12-02
17,스텝2 예쁜이 화장대,"화장대, 의자, 소품 3개",스텝2,3세이상,메이크업과 액세서리를 위한 보관함이 있어보다 실용적입니다.,역할(소꿉),063-432-3400,2022-12-02
18,스텝2 오븐렌지,본체,스텝2,1.5세부터 5세,"두개의 가열대와 스위치, 도마와 오븐이 있어 재미있게 요리하며 즐길 수 있는 미니 주방놀이입니다.",역할(소꿉),063-432-3400,2022-12-02
19,스텝2 냉장고,본체,스텝2,1.5세부터 5세,냉장고는 실제와 같은 모양의 디자인으로 냉장고 문을 열면 세 칸으로 나누어진 내부가 보입니다.,역할(소꿉),063-432-3400,2022-12-02
20,이븐플로 엑서쏘서 트리플펀 아마존,본체,이븐플로,0개월~24개월,액티비티 지능개발 테이블 놀이터 기존 쏘서와 또 다른 기능으로 아기의 신체발달을 도와줍니다.,통합놀잇감,063-432-3400,2022-12-02
21,브이텍 레코딩무선전화놀이,"본체, 전화기",브이텍,12개월이상,"아이들이 사물에 흥미를 유발시켜 동물,모양,색깔,숫자,음악 등 다양한 학습에 도움이 됩니다.",조작(탐색),063-432-3400,2022-12-02
22,브이텍 동요가 나오는 첫발견 그림책,본체,브이텍,6개월이상,"반짝이는 불빛,다양한 소리와 멜로디, 누르거나 움직일 수 있는 다양한 버튼이 있어 아이들의 흥미를 불러 일으킵니다.",조작(탐색),063-432-3400,2022-12-02
23,브이텍 강아지도형끼우기차,"자동차, 도형 5개",브이텍,6개월이상,5개의 도형 블럭과 정지/천천히/전진을 가르쳐주는 3개의 학습키를 가지고 있습니다.,조작(탐색),063-432-3400,2022-12-02
24,브이텍 뉴스스로굴러가는깜짝볼브라이트,본체,브이텍,6개월이상,볼이 신기하게 스스로 굴러갈수 있어서 아이들이 소리와 노래에 반응하며 즐거워합니다.,조작(탐색),063-432-3400,2022-12-02
25,브이텍 나잡아봐야옹이,본체,브이텍,18개월이상,스스로 신나는 멜로디의 노래를 부르며 움직이고 아이들이 따라 다닐 수 있도록 만들어진  아기 고양이 입니다.,조작(탐색),063-432-3400,2022-12-02
26,브이텍걸음마 학습기-한영버전,본체,브이텍,6개월이상,학습패널을 분리해서 단독으로 사용 앉아서 놀 수 있는 6개월 무렵부터 사용할 수 있고 버튼을 눌러보고 끼워도 보며 아이의 소근육이 발달 되며 오감발달에 도움이 됩니다. 걸음마보조기로 안전하게 걸음마를 배울수 있습니다. 한국어와 영어로 나오는 학습패널은 아이의 언어감각을 자극시켜줍니다.,통합놀잇감,063-432-3400,2022-12-02
27,브라이트스타트 오볼(중),본체,브라이트스타트,0개월이상,"던지기,잡기,달리기 등을 통해 운동능력을 발달시킬수 있습니다.",신체(승용),063-432-3400,2022-12-02
28,브라이트스타트 오볼 레인스틱(대),본체,브라이트스타트,0개월이상,"던지기,잡기,달리기 등을 통해 운동능력을 발달시킬수 있습니다.",신체(승용),063-432-3400,2022-12-02
29,브라이트스타트 오볼 싸커볼,본체,브라이트스타트,0개월이상,"던지기,잡기,달리기 등을 통해 운동능력을 발달시킬수 있습니다.",신체(승용),063-432-3400,2022-12-02
30,브라이트스타트 오볼 풋볼,본체,브라이트스타트,0개월이상,"던지기,잡기,달리기 등을 통해 운동능력을 발달시킬수 있습니다.",신체(승용),063-432-3400,2022-12-02
31,브랜드B 플레이닥터병원놀이,"가방, 구성품 9개",브랜드B,12개월이상,"아이가 의사, 환자, 보호자, 간호사 등 다양한 역할 놀이를 할 수 있습니다.",역할(소꿉),063-432-3400,2022-12-02
32,리틀타익스 빅 카 캐리어,"카캐리어, 자동차 2개",리틀타익스,18개월이상,빅 카 캐리어는 두개의 작은 자동차가 있는 견고하고 세련된 디자인의 유아완구입니다.,자동차(모형),063-432-3400,2022-12-02
33,피셔프라이스 신나는 아기 탬버린,본체,피셔프라이스,3개월이상,작은 아기의 손으로도 쉽게 잡고 흔들고 칠수 있는 아기 탬버린입니다.,조작(탐색),063-432-3400,2022-12-02
34,피셔프라이스 비트 액티비티 센터,본체,피셔프라이스,6개월 36개월,"3단계놀이가 가능하여, 여러가지 사운드를 탐색해 보기도하고 직접 즉흥연주를 해볼 수 있습니다.",조작(탐색),063-432-3400,2022-12-02
35,피셔프라이스 역할놀이 공구세트,"전동드릴, 해머, 자비트, 나선형비트, 나사 3개, 못 3개, 공구상자",피셔프라이스,2세부터 6세,"드릴,해머,못,나사 등을 풍부하게 제공함으로써 어렵지 않게 공구놀이를 할 수 있어요",역할(소꿉),063-432-3400,2022-12-02
36,피셔프라이스 컬러풀 아기 피아노,본체,피셔프라이스,6개월 36개월,"아이의 성장발달에 따라 3단계 모드로 연주,놀이,게임을 한번에 즐길 수 있습니다.",음률,063-432-3400,2022-12-02
37,아이존 똑똑한 꼬마버스 타요,본체,아이존,12개월이상,"4면이 흥미진진! 빙글빙글기어놀이, 차고지 놀이, 6각퍼즐과 꼬마버스놀이 등 다양한 놀이가 가능합니다. ",자동차(모형),063-432-3400,2022-12-02
38,아이존 뽀로로 멜로디 소방차,본체,아이존,36개월이상,책임감과 역할에 대해 자연스럽게 알고 해야할일 그리고 상대방에게 할 수 있는일과 감정을 표현할수 있습니다.,자동차(모형),063-432-3400,2022-12-02
39,구원아이컴퍼니 뽀로로 어린이버스,본체,구원,3세이상,뽀로로와 친구들 어린이버스는 123 숫자 공부하고 뽀로로 주제가도 따라부를 수 있어요.,자동차(모형),063-432-3400,2022-12-02
40,리틀타익스 리틀핸드폰,본체,리틀타익스,6개월이상,리틀핸드폰은 유아의 창의력을 길러주는 유아완구입니다. 버튼을 눌러 전화를 걸어보세요.,조작(탐색),063-432-3400,2022-12-02
41,리틀타익스 리틀거북이팝퍼,본체,리틀타익스,9개월이상,리틀 거북이 팝퍼는 운동능력을 발달시켜주는 유아용 완구입니다.,신체(승용),063-432-3400,2022-12-02
42,리틀타익스 리틀 아기 공구놀이,"본체, 공 2개, 망치 1개",리틀타익스,6개월이상,아기 공구놀이는 유아의 소근육발달과 신체놀이에 이상적인 유아완구입니다.,역할(소꿉),063-432-3400,2022-12-02
43,리틀타익스 리틀 기어 링 쌓기,"본체, 기어 3개",리틀타익스,9개월이상,다양한 크기의 기어를 마음대로 쌓고 돌리며 아이의 상상력 발달과 소근육 발달을 돕습니다.,조작(탐색),063-432-3400,2022-12-02
44,리틀타익스 손잡이 멜로디카-레드,본체,리틀타익스,12개월이상,손잡이 멜로디카는 자동차를 굴리며 협응능력과 소근육을 발달 시켜주는 유아완구입니다.,자동차(모형),063-432-3400,2022-12-02
45,리틀타익스 손잡이 멜로디카 디럭스-블루,"본체, 울타리차, 동물인형 2개",리틀타익스,12개월이상,손잡이 멜로디카는 자동차를 굴리며 협응능력과 소근육을 발달 시켜주는 유아완구입니다.,자동차(모형),063-432-3400,2022-12-02
46,리틀타익스 리틀핸디워커(공구놀이),"본체, 소품 7개",리틀타익스,18개월이상,"누워서놀기, 앉아서놀기, 서서놀기등  3단계로 변신이 가능하고,아름다운 클래식음악과 동요를 들려줍니다.",역할(소꿉),063-432-3400,2022-12-02
47,리틀타익스 싱크앤 스토브/주방놀이,"본체, 소품 13개",리틀타익스,3세이상,싱크앤 스토브는 실제로 물을 담아 즐거운 놀이를 할수 있는 신개념 주방놀이입니다.,역할(소꿉),063-432-3400,2022-12-02
48,리틀타익스 딩딩실로폰(그린),본체,리틀타익스,18개월이상,바퀴와 손잡이가 있는 딩딩실로폰은 감성발달에 도움을 주는 음악완구입니다.,음률,063-432-3400,2022-12-02
49,피셔프라이스 래프앤런 뉴 러닝홈,본체,피셔프라이스,6개월 36개월,아기에게 집이라는 친근한 컨텐츠를 실생활과 연결해보며 아기의사고 확장시켜줍니다.,통합놀잇감,063-432-3400,2022-12-02
50,그린토이즈 소방차,본체,그린토이즈,13개월이상,소방차 사다리는 90도 접고 펴기가 가능합니다. 아이가 한손으로 잡고 놀기가 편하게 디자인 되었습니다.,자동차(모형),063-432-3400,2022-12-02
51,그린토이즈 덤프트럭,본체,그린토이즈,13개월이상,모서리가 모두 둥글게 처리되어 안전하고 화물칸은 90도 각도로 움직일수 있습니다.,자동차(모형),063-432-3400,2022-12-02
52,그린토이즈 스쿨버스 ,본체,그린토이즈,13개월이상,문이나 창문은 단순한 모양으로 모서리가 모두 둥글게 처리되어 안전하고 지붕이나 창문을 잡고 밀면 놀이할수 있습니다.,자동차(모형),063-432-3400,2022-12-02
53,브이텍 첫발견러닝테이블,본체,브이텍,6개월 36개월,"전화를 걸고, 책을 읽고, 파이노를 연주하다 보면 아이의 언어능력과 운동능력이 향상됩니다.",통합놀잇감,063-432-3400,2022-12-02
54,짐맥48,48pcs,짐보리,24개월이상,컬러풀한 색감과 다양한 모양변형이 가능한 자석완구 짐맥은 어린아기들부터 가지고 놀수 있을정도의 크기와 자력을 가지고 있습니다.,블록,063-432-3400,2022-12-02
55,앰비토이 애벌레잡기,"본체, 망치",앰비토이,12개월이상,망치로 사과를 갉아먹는 사과벌레를 잡아요. 눈과 손의 협응력을 키워주는 클래식 놀잇감.,조작(탐색),063-432-3400,2022-12-02
56,앰비토이 도형블럭놀이,"본체, 도형 6개",앰비토이,12개월이상,세 가지 모양의 기하도형 블럭을 알맞은 구멍으로 집어넣고 열쇠를 이용해 블럭을 꺼낼수 있는 장난감입니다.,조작(탐색),063-432-3400,2022-12-02
57,앰비토이 액티비티타워,4pcs,앰비토이,12개월이상,각각의 놀잇감을 아기 손으로 하나씩 쌓아올려 탑을 완성시키는 장난감입니다.,조작(탐색),063-432-3400,2022-12-02
58,앰비토이 삐에로오뚜기,본체,앰비토이,9개월이상,오뚜기를 굴리면 빠르게 굴러가는 모습을 볼수 있습니다.,조작(탐색),063-432-3400,2022-12-02
59,브랜드B 제니쥬언더월드,본체,브랜드B,24개월이상,"롤로코스터,미로찾기,숫자맞추기 등 다양한 놀이를 할수 있는 만능교구입니다.",통합놀잇감,063-432-3400,2022-12-02
60,브랜드B 락앤롤 심포니,"본체, 악기 및 보컬 7종",브랜드B,3세이상,15곡의 음악과 내맘대로 고를는 7종의 악기/보컬로 여러가지 조합을 만들어 합주할 수 있어요,음률,063-432-3400,2022-12-02
61,브랜드B 제니쥬,본체,브랜드B,12개월이상,"롤러코스터와 속도놀이,동물알파벳공부,상하그림맞추기,동물무늬맞추기 놀이등을 할수 있습니다.",통합놀잇감,063-432-3400,2022-12-02
62,브랜드B 헬로우 폰,본체,브랜드B,12개월이상,신나는 멜로디가 흘러나오며 폴더를 열었다 닫으면 전화벨이 울립니다. 녹음기능이 가능합니다.,조작(탐색),063-432-3400,2022-12-02
63,브이텍 뛰뛰빵빵드라이버 주차장놀이,"주차장놀이세트, 견인차 1대",브이텍,1세부터 5세,"귀여운 견인차와 함께 주차장을 돌아다니며, 역할놀이를 할수 있습니다.",조작(탐색),063-432-3400,2022-12-02
64,러닝리소스 나는야의사선생님,"가방, 진료용품 19개",러닝리소스,3세부터 7세,투명한 가방 속에 병원 필요로 하는 모든 것이 들어 있어 실감나는 병원놀이를 할 수 있는 완구입니다.,역할(소꿉),063-432-3400,2022-12-02
65,러닝리소스 계산대놀이,"계산대 본체, 지폐 30장, 플라스틱 동전 40개, 신용카드, 영문 활동 가이드",러닝리소스,5세부터 9세,"계산기가 내장되어 있는 계산대와 지폐,동전 등이 포함되어 아이들에게 경제개념을 알게 할수 있습니다.",역할(소꿉),063-432-3400,2022-12-02
66,러닝리소스 스마트스낵-피자분수게임,"피자조각 14개, 주걱 1개, 피자팬 1개, 커터 1개, 배달상자 1개",러닝리소스,5세부터 7세,아이와 함께 직접 피자를 만들어 먹으면서 분수의 개념을 확실하게 인지하게 될 거예요,역할(소꿉),063-432-3400,2022-12-02
67,브알라 두더지망치놀이,"본체, 망치 1개, 공 3개",브알라,2세이상,손에 물건을 잡고 두드리는 동작을 반복하게 되는 시기에 권장할 수 있는 아이 손의 조정력을 계발하는데 도움을 줍니다.,조작(탐색),063-432-3400,2022-12-02
68,브알라 야채피자세트,"피자조각 6개, 야채과일 18개, 커팅롤러",브알라,3세이상,아이들이 쉽게 자르고 붙일 수 있도록 벨크로를 사용하고 원목에 홈을 낸후 그 안에 벨크로를 삽입하였습니다.,역할(소꿉),063-432-3400,2022-12-02
69,브알라 초코케이크세트,"케익 8조각, 양초 8개, 커팅나이프",브알라,3세이상,소꿉놀이에 활용될 수 있는 나무로 만든 초코케익모형세트입니다. ,역할(소꿉),063-432-3400,2022-12-02
70,브알라 자이언트실로폰,"본체, 받침대 2개, 채 2개",브알라,3세이상,대형 사이즈의 실로폰으며 원목 특유의 따뜻함과 소리를 느낄 수 있습니다.,음률,063-432-3400,2022-12-02
71,브알라 블록먹는송아지,"본체, 블록 5개",브알라,19개월이상,도형 블록을 홈에 맞추어 넣으며 눈과 손의 협응력과 집중력이 발달합니다.,블록,063-432-3400,2022-12-02
72,브알라 제과점놀이,"원판형 2단 진열대, 소품12개",브알라,3세이상,아기자기하고 알록달록한 페스츄리는 아이들의 호기심을 자극합니다.,역할(소꿉),063-432-3400,2022-12-02
73,브알라 조리기구세트,18개,브알라,3세이상,소꿉놀이는 아이에게 정서적으로 좋은 영향을 미치게합니다,역할(소꿉),063-432-3400,2022-12-02
74,브알라 후라이드치킨,"치킨 5조각, 나이프, 나무쟁반",브알라,3세이상,분수 개념과 도형의 분할 등 기초적인 수학개념을 익힐 수 있습니다.,역할(소꿉),063-432-3400,2022-12-02
75,브알라 삐에로구멍퍼즐,"받침대, 블록 16개",브알라,3세이상,네가지 모양의 블록을 층별로 틀에 맞추어 쌓아 올리는 퍼즐입니다. 재미있는 삐에로 모양에 맞추어 퍼즐을 쌓아주세요.,퍼즐(게임),063-432-3400,2022-12-02
76,브알라 사파리퍼즐큐브,블록9개,브알라,2세이상,아이들이 흥미를 가지는 동물들을 주제로 한 퍼즐큐브입니다. 큼직한 큐브는 영유아가 퍼즐보다 쉽게 다룰 수 있습니다.,블록,063-432-3400,2022-12-02
77,톨로 구르는도형퍼즐,"본체, 동형 6개",톨로,12개월이상,다른 6개의 도형을 모양과 색에 맞추어 사용하여 아기들의 지능발달에 도움을 줍니다.,조작(탐색),063-432-3400,2022-12-02
78,톨로 회전오뚜기(뽀빠이),본체,톨로,6개월이상,180도 좌우로 기울어 지는 움직임이 있습니다. 아기들이 좋아하는 은은한 차임벨 소리가 납니다.,조작(탐색),063-432-3400,2022-12-02
79,톨로 회전오뚜기(삐에로),본체,톨로,6개월이상,180도 좌우로 기울어 지는 움직임이 있습니다. 아기들이 좋아하는 은은한 차임벨 소리가 납니다.,조작(탐색),063-432-3400,2022-12-02
80,톨로 퍼스트프렌즈기차,"기차본체 1개, 짐칸 1개, 운전사 1개 ,레일 10개",톨로,1세부터 5세,기본적으로 레일 10개 들어있어 레일을 만들수 있습니다. 운전자는 따로 분리되며 개별적으로 가지고 놀수 있습니다. ,자동차(모형),063-432-3400,2022-12-02
81,톨로 포니클럽,"본체 1개, 짐칸 1개, 운전사 1명, 포니 1개",톨로,1세부터 5세,트렉터 본체의 운전자를 누르시면 시동을 걸고 3초정도 제자리에서 움직이다가 2m정도 앞으로 전진을 합니다.,자동차(모형),063-432-3400,2022-12-02
82,톨로 동물농장 트랙터,"트랙터 1대, 짐칸 1개, 운전사 1명, 카우 1개",톨로,1세부터 5세,트랙터 본체의 운전자를 누르시면 시동을 걸고 3초정도 제자리에서 움직이다가 2m정도 앞으로 전진을 합니다.,자동차(모형),063-432-3400,2022-12-02
83,톨로 굴삭기,"굴삭기 1대, 운전사 1명",톨로,1세부터 5세,굴삭기 본체의 운전자를 누르시면 시동을 걸고 3초정도 제자리에서 움직이다가 2m정도 앞으로 전진을 합니다.,자동차(모형),063-432-3400,2022-12-02
84,피셔프라이스 뮤직 달팽이,본체,피셔프라이스,3개월부터 36개월,아기의 3단계 발달에 걸쳐 흔들리고 떨리는 동작으로 아기를 끊임없이 즐겁게 해주며 감각운동 발달을 도와줍니다.,조작(탐색),063-432-3400,2022-12-02
85,피셔프라이스 레인포레스트 점퍼루,본체,피셔프라이스,0개월이상,아기를 받쳐주는 시트가 360도로 회전하여 다양한 방향에서 하체의 고른 발달을 자극해줘요.,통합놀잇감,063-432-3400,2022-12-02
86,리틀타익스 기린붕붕자전거,본체,리틀타익스,12개월이상,기린 붕붕자전거는 걷기를 시작한 유아들을 위한 붕붕카 입니다. 귀여운 기린을 타고 신나게 달려보세요,신체(승용),063-432-3400,2022-12-02
87,30주년 코지자동차실내용,본체,리틀타익스,18개월이상,코지 쿠페는 유아의 신체발달 및 자랍심을 키워주는 승용완구입니다.,신체(승용),063-432-3400,2022-12-02
88,리틀타익스 더티디거-불도저,본체,리틀타익스,2세이상,더티디거 시리즈는 유아들의 정서적 안정과 감각발달에 좋은 모래놀이완구 입니다. ,자동차(모형),063-432-3400,2022-12-02
89,리틀타익스 더티디거-덤프트럭,본체,리틀타익스,2세이상,더티디거 시리즈는 유아들의 정서적 안정과 감각발달에 좋은 모래놀이완구 입니다. ,자동차(모형),063-432-3400,2022-12-02
90,리틀타익스 더티디거-포크레인,본체,리틀타익스,2세이상,더티디거 시리즈는 유아들의 정서적 안정과 감각발달에 좋은 모래놀이완구 입니다. ,자동차(모형),063-432-3400,2022-12-02
91,리틀타익스 손잡이자동차-덤프트럭,본체,리틀타익스,12개월이상,손잡이 자동차는 유아가 직접 손잡이를 잡고 움직이는 자동차로 협응 능력과 소근육 발달에 도움을 주는 유아완구입니다.,자동차(모형),063-432-3400,2022-12-02
92,리틀타익스 손잡이자동차-청소차,본체,리틀타익스,12개월이상,손잡이 자동차는 유아가 직접 손잡이를 잡고 움직이는 자동차로 협응 능력과 소근육 발달에 도움을 주는 유아완구입니다.,자동차(모형),063-432-3400,2022-12-02
93,리틀타익스 돌고래시소,본체,리틀타익스,12개월이상,돌고래 시소는 유아용 놀이 시소입니다. 한명부터 세명의 유아까지 시소놀이를 즐길수 있습니다.,신체(승용),063-432-3400,2022-12-02
94,리틀타익스 2in1거북이걸음마,"본체, 도형 3개",리틀타익스,9개월부터 36개월,"유아의 신체발달, 창의력 발달에 도움을 줍니다. 잡기편한 손잡이와 다양한 놀잇감이 있습니다.",통합놀잇감,063-432-3400,2022-12-02
95,리틀타익스 가든플레이,"본체, 식물단추 4개, 나무심기 3개",리틀타익스,12개월이상,가든플레이는 즐거운 정원놀이로 유아의 창의력을 발달시켜주는 유아완구입니다.,통합놀잇감,063-432-3400,2022-12-02
96,리틀타익스 NEW액티비티가든,본체,리틀타익스,6개월부터 36개월,2가지 타입으로 변형하여 놀수 있는 유아용 체육관입니다.,신체(승용),063-432-3400,2022-12-02
97,스테판조셉 원숭이 공구놀이세트 ,"공구함, 부품연장 18개",스테판조셉,36개월이상,소근육을 이용하는 공구놀이로 아이들의 지력발달에 도움을 주며 화려한 색감으로 아이들의 흥미를 일깨워줍니다.,역할(소꿉),063-432-3400,2022-12-02
98,스테판조셉 원목요리사세트,14pcs,스테판조셉,36개월이상,"주방장갑과 냄비, 프라이팬 등 주방도구와 버섯과 콩 등 요리 재료로 구성되어 있습니다.",역할(소꿉),063-432-3400,2022-12-02
99,실꿰기카드5P세트 : 교통수단,"카드 5장, 실 5개",스테판조셉,36개월이상,소근육을 이용하는 실꿰기놀이로 아이들의 지력 발달에 도움을 주며 화려한 색감으로 아이들의 흥미를 일깨워줍니다.,조작(탐색),063-432-3400,2022-12-02
100,도형끼우기퍼즐 : 컵케잌,"본체, 도형 5개",스테판조셉,36개월이상,소근육을 이용하는 블록놀이로 아이들의 지력 발달에 도움을 주며 화려한 색감으로 아이들의 흥미를 일깨워줍니다.,퍼즐(게임),063-432-3400,2022-12-02
101,스테판조셉 도형끼우기퍼즐 : 공룡,"본체, 도형 5개",스테판조셉,36개월이상,소근육을 이용하는 블록놀이로 아이들의 지력 발달에 도움을 주며 화려한 색감으로 아이들의 흥미를 일깨워줍니다.,퍼즐(게임),063-432-3400,2022-12-02
102,스테판조셉 도형끼우기퍼즐 : 트럭,"본체, 도형 5개",스테판조셉,36개월이상,소근육을 이용하는 블록놀이로 아이들의 지력 발달에 도움을 주며 화려한 색감으로 아이들의 흥미를 일깨워줍니다.,퍼즐(게임),063-432-3400,2022-12-02
103,스테판조셉 도형끼우기퍼즐 : 나비,"본체, 도형 5개",스테판조셉,36개월이상,소근육을 이용하는 블록놀이로 아이들의 지력 발달에 도움을 주며 화려한 색감으로 아이들의 흥미를 일깨워줍니다.,퍼즐(게임),063-432-3400,2022-12-02
104,스테판조셉 도형끼우기퍼즐 : 부엉이,"본체, 도형 5개",스테판조셉,36개월이상,소근육을 이용하는 블록놀이로 아이들의 지력 발달에 도움을 주며 화려한 색감으로 아이들의 흥미를 일깨워줍니다.,퍼즐(게임),063-432-3400,2022-12-02
105,스테판조셉 원목블럭쌓기 : 공주,"본체, 블록 18개",스테판조셉,36개월이상,소근육을 이용하는 블록놀이로 아이들의 지력 발달에 도움을 주며 화려한 색감으로 아이들의 흥미를 일깨워줍니다,블록,063-432-3400,2022-12-02
106,리틀타익스 액티브걸음마,"본체, 카드 3장",리틀타익스,6개월부터 36개월,넓은 곡선의 손잡이와 큰 바퀴는 우리 아기가 안전하게 걸음마를 할 수 있게 도와줍니다,신체(승용),063-432-3400,2022-12-02
107,리틀타익스 코지걸음마쇼핑카트,본체,리틀타익스,18개월이상,"집이나 마트, 어디에서든지 아이의 물건을 담을 수 있는 완벽한 쇼핑 카트 입니다",신체(승용),063-432-3400,2022-12-02
108,리틀타익스 공주걸음마쇼핑카트,본체,리틀타익스,18개월이상,"집이나 마트, 어디에서든지 아이의 물건을 담을 수 있는 완벽한 쇼핑 카트 입니다",신체(승용),063-432-3400,2022-12-02
109,라이드 2 글라이드,본체,라디오플라이어,12개월이상,아이의 성장과 취향에 따라 두가지 형태(라이드 & 스쿠터)로 사용이 가능합니다.,신체(승용),063-432-3400,2022-12-02
110,포드손잡이차,본체,스텝2,18개월이상,분리가 가능한 뒷손잡이와 탈부착이 가능한 발판이 있어 성장에 따라 변형할 수 있습니다. 360도 회전이 가능한 보조바퀴와 운전대에 경적이 울려 리얼한 운전놀이가 가능합니다.,신체(승용),063-432-3400,2022-12-02
111,2016 Audi R8 Spyder ,본체,파파야,10개월이상,"발판은 앞뒤로 위치조절이 가능합니다. 발을 발판위에 올려 놓거나, 발판을 밀어넣고 직접 발로 땅을 굴러 사용할수 있습니다.",신체(승용),063-432-3400,2022-12-02
112,브이텍 첫발견 스마트 콤보,"동화책, 핸드폰",브이텍,6개월이상,나의 첫 이야기 동화책은 네가지 고전 동화가 들어있으며 나의 첫 스마트폰은 전화기를 좋아하는 아기들을 위한 재미있는 유아용 대화식 학습이 가능한 제품입니다.,통합놀잇감,063-432-3400,2022-12-02
113,브이텍 투 인 원 바이크,본체,브이텍,18개월이상,아이가 성장함에 따라 세발자전거에서 오토바이로 변형이 가능합니다. 스마트 운전대가 있어 놀이가 더욱 즐거워집니다.,신체(승용),063-432-3400,2022-12-02
114,브이텍 색깔놀이 손전등,본체,브이텍,18개월이상,"링을 돌려 불빛의 색깔을 바꾸고 동물들이 내는 소리를 들어보세요. 버튼을 누르면 게임을 하거나, 알파벳을 익히거나 음악을 들을 수 있습니다.",조작(탐색),063-432-3400,2022-12-02
115,브라이트스타트 댄싱 유니콘,본체,브라이트스타트,6개월이상,"흔들흔들 앞으로 달려 나가는 댄싱 유니콘! 터치하면 불빛과 음악 소리를 내는 유니콘. 숫자와 컬러,모양,문자 등을 알려주는 러닝모드와 아기의 움직임을 자연스럽게 유도하는 체이스모드를 선택해서 사용할 수 있습니다.",조작(탐색),063-432-3400,2022-12-02
116,캐스B플레이 해피 레코딩마이크 ,본체,캐스B,3세이상,"마이크 하나에 다양한 효과가 있어 심심할 틈이 없는 해피 레코딩마이크예요. 기본 마이크의 기능인 에코효과 뿐만이 나이라 목소리를 녹음해서 변조할 수 있고, 신나는 음악과 효과음까지 숨어 있답니다.",음률,063-432-3400,2022-12-02
117,브이텍 도형끼우기 드럼,"본체, 도형 5개",브이텍,12개월이상,"도형 모양의 피스를 해당되는 각 도형 분류슬롯에 넣으면서 도형과 숫자, 동물을 학습할수 있습니다. 놀이를 하는 동안 드럼을 두드릴 때 나는 음향효과도 즐길 수 있습니다.",조작(탐색),063-432-3400,2022-12-02
118,브이텍 노래하는 야옹이,본체,브이텍,6개월이상,고양이를 끌고 다니거나 알파벳 버튼을 눌러보세요. 고양이가 알파벳과 색깔을 알려주고 아름다운 음악을 연주합니다.,조작(탐색),063-432-3400,2022-12-02
119,브이텍 트리 쌓기놀이,11pcs,브이텍,9개월이상,"피스를 쌓을 수도 있고, 구조물을 만들 수도 있으며, 작은피스에 큰 피스를 겹칠 수도 있습니다. 피스위에 고양이를 올려놓아 색깔과 숫자를 학습하며 놀이할 수 있습니다.",조작(탐색),063-432-3400,2022-12-02
120,리틀타익스 기차놀이,"본체, 컵 3잔, 도형 3개",리틀타익스,6개월이상,알록달록한 선명한 색상과 다양한 놀이기구로 아이들의 호기심과 상상력을 키워줍니다. 컵쌓기 놀이차에는 세개의 컵이 있어 쌓으며 놓이가 가능합니다.,자동차(모형),063-432-3400,2022-12-02
121,브이텍 흔들흔들 춤추는 오뚜기,본체,브이텍,6개월이상,살짝 밀어주면 오뚜기가 춤을 추며 재미있는 소리를 냅니다. 음악버튼을 누르면 재미있는 노래 소리와 즐거운 멜로디가 들리며 롤러볼을 돌리면 숫자 공부 놀이도 할 수 있습니다.,조작(탐색),063-432-3400,2022-12-02
122,브이텍 뉴 알파벳 학습버스,본체,브이텍,2세이상,"파닉스, 알파벳, 어휘, 숫자, 수세기와 안전수칙에 대해 배울 수 있습니다. 또한 멜로디와 노래, 실제와 같은 효과음도 내장되어 놀이가 더욱 즐거워집니다.",조작(탐색),063-432-3400,2022-12-02
123,브이텍 첫발견 까꿍놀이책,본체,브이텍,3개월이상,"재미있는 놀이 조각을 움직이고 돌리면서 책장을 넘겨보세요. 페이지마다 다른 멜로디와 효과음, 동요를 들을 수 있습니다.",조작(탐색),063-432-3400,2022-12-02
124,브이텍 칙칙폭폭 파닉스 기차놀이,"기차놀이본품, 블록 13개",브이텍,12개월이상,"즐거운 효과음과 춤추는 조명, 재미있는 멜로디가 아이의 호기심을 충족합니다. 파닉스,알파벳, 숫자와 음악을 배울 수 있습니다. 성장발달에 따라 여러가지 모양으로 변형이 가능합니다.",신체(승용),063-432-3400,2022-12-02
125,브이텍 빙글빙글 러닝 볼 타워,"볼타워 1개, 공 4개",브이텍,9개월이상,알록달록한 볼이 미끄럼틀을 타며 어린이들에게 숫자와 색깔을 가르쳐줍니다. 손잡이를 돌리면 볼이 회전하면서 트랙을따라 내려가는 모습을 지켜볼 수 있습니다.,조작(탐색),063-432-3400,2022-12-02
126,브이텍 동요가 나오는 파닉스 그림책,본체,브이텍,6개월이상,재미있는 놀이 조각을 움직이고 돌리면서 책장을 넘겨보세요. 알록달록한 다섯개의 건반으로 피아노를 연주하며 색깔과 악기 이름을 배울 수도 있습니다.,통합놀잇감,063-432-3400,2022-12-02
127,브이텍 운전놀이 붕붕카,본체,브이텍,6개월이상,"운전과 학습, 음악모드가 가능한 상호작용 운전대를 갖추고 있습니다. 시동을 걸고 기어를 움직이거나 경적을 울리면 사실적인 운전 효과음을 들을 수 있습니다.",신체(승용),063-432-3400,2022-12-02
128,브라이트스타트 공놀이 체육관,"본체, 공 3개,하키공 4개, 배트, 골프채",브라이트스타트,12개월이상,"스포츠 종목에 대한 이해는 물론, 운동에 친근감을 가질 수 있도록 도와 주는 공놀이 체육관! 360도 다양한 스포츠 시설이 가득한 우리 아기만을 위한 체육관이에요.",신체(승용),063-432-3400,2022-12-02
129,브이텍 도형끼우기 헬리콥터,"본체, 블록 4개",브이텍,12개월이상,"헬리곱터를 이용한 놀이와 학습이 간으하며, 네가지 도형 조각과 재미있는 소리가 흥미를 자극합니다. 하늘을 나는 기분으로 도형과 색깔을 배우게 해주세요.",조작(탐색),063-432-3400,2022-12-02
130,브이텍 터치 파닉스 워드북,본체,브이텍,18개월이상,똘똘한 아기곰 코디와 코라와 함께 네가지 액티비티를 통해 100개 이상의 단어를 학습할 수 있습니다. 6가지 테마로 이루어져 있으며 단어나 이미지를 손가락으로 터치하면 해당하는 단어를 가르쳐줍니다.,조작(탐색),063-432-3400,2022-12-02
131,브이텍 쇼핑카트와 쉐프놀이 세트,"본체, 소품 20개",브이텍,2세이상,쉽고 간단하게 변신이 가능하며 재미있는 효과음과 음악이 나옵니다. 요리와 쇼핑을 즐기며 다양한 학습의 재미도 더해져 즐거운 역할 놀이가 가능해집니다.,역할(소꿉),063-432-3400,2022-12-02
132,리틀타익스 클리어리 농구대,"농구대 1개, 농구공 1개",리틀타익스,18개월부터 4세,투명한 창안에 공들이 있어 농구공을 넣으면 색색이 춤을춰요,신체(승용),063-432-3400,2022-12-02
133,[러닝리소스] 러닝드럼 5종,"드럼 5종, 드럼스틱 2개",러닝리소스,2세이상,재미있는 드럼을 치면서 학습까지 할수있어요.각각의 드럼에 있는 숫자와 모양과 색깔을 인지하면서 신나는 비트의 세계로 빠져봅시다,음률,063-432-3400,2022-12-02
134,쿠쿠토이즈 폴리볼링세트(대),"볼링핀 10개, 볼링공 2개",쿠쿠토이즈,3세이상,실내에서 활동하기 좋은운동으로 아이들에게 운동신경발달과 집중력향상에 도움을 줍니다.,신체(승용),063-432-3400,2022-12-02
135,리틀타익스 아기키보드(블루) ,본체,리틀타익스,2세이상,아기 키보드는 유아의 감수성과 음악감각을 키워주는 음악완구입니다.,음률,063-432-3400,2022-12-02
136,아이코닉스 베이비 타요 멜로디 피아노,본체,아이코닉스,2세이상,"우리 아기의 첫번째 감성피아노 손잡이가 달려있어 휴대하기 좋아요, 땡땡땡 소리가 아이가 즐거워합니다.",음률,063-432-3400,2022-12-02
137,리틀타익스 흔들목마 블루,본체,리틀타익스,1세부터 3세,회전목마 타기를 좋아하는 어린이들을 위한 완구로 아이들의 감성을 자극해줄수 있는 귀여운 디자인으로 설계되었습니다.,신체(승용),063-432-3400,2022-12-02
138,스텝2 디자이너주방놀이,"본체, 소품 17개",스텝2,2세이상,미니주방은 꼬마 요리사들이 예쁜 주방에서 재미있게 요리 놀이를 할 수 있게끔 만든 완구제품입니다.,역할(소꿉),063-432-3400,2022-12-02
139,한글 영어 스스로 굴러가는 깜짝볼 스마트,본체,브이텍,6개월이상,볼이 신기하게 스스로 굴러갈수 있어서 아이들이 소리와 노래에 반응하며 즐거워합니다.,조작(탐색),063-432-3400,2022-12-02
140,오볼 카캐리어,"카캐리어, 미니카 2대",오볼,12개월이상,오볼 미니카를 싣고 달리는 오볼 카캐리어 흥미와 호기심을 자극하는 창의적인 고그립퍼 시리즈,자동차(모형),063-432-3400,2022-12-02
141,꼬마버스 타요 클래식 붕붕카,본체,아이코닉스,12개월이상,무소음 타요 롤링카와 함께 어디서든 신나게 달려요 아들의 안전을 위한 전복 방지 및 라운드 형상의 범퍼 디자인과 최대중량 50kg까지 견딜수 있는 제품입니다.,신체(승용),063-432-3400,2022-12-02
142,리틀타익스 30주년코지경찰차,본체,리틀타익스,18개월이상,코지 쿠페는 유아의 신체발달 및 자랍심을 키워주는 승용완구입니다.,신체(승용),063-432-3400,2022-12-02
143,브라이트스타트 익스플로러 바운서,본체,브라이트스타트,0개월이상,넓고 편안하 시트와 플라워 디자인으로 안정감과 사랑스러움을 강조한 바운서입니다.,육아용품,063-432-3400,2022-12-02
144,리틀타익스 리틀 음악교실,"본체, 도형 3개",리틀타익스,12개월이상,"유아의 호기심을 키워주는 유아완구입니다. 다양한 소근육발달 놀이를 즐길 수 있고, 버튼을 누르면 멜로디가 나옵니다. 손잡이가 있어 이동이 편리합니다.",음률,063-432-3400,2022-12-02
145,리틀타익스 몬스터디거,"본체, 운전사 1명",리틀타익스,3세이상,크레인이 달려있는 커다란 덤프트럭입니다. 바퀴는 쉽고 부드럽게 굴러갑니다.,자동차(모형),063-432-3400,2022-12-02
146,브이텍 노래하는 스피닝 휠,본체,브이텍,6개월이상,"스피닝을 돌리면 신나는 음악이 나오며 별에서 불빛이 반짝반짝이며 아이의 주의를 끕니다. 동물버튼을 누르면 동물효과음과 동물이름, 각 동물캐릭터에 있는 숫자와 그에 해당하는 동요가 나옵니다.",조작(탐색),063-432-3400,2022-12-02
147,접이식 수납 원목침대,"침대, 수납판, 판매트(쿠션일체형)",보니따베이비,0세이상,"아기의 안정을 위해 침대 내부의 모든 모서리를 라운딩 처리하였습니다. 수납문 앞쪽은 여닫이, 뒤쪽은 미닫이로 되어있어 아기용품등이 먼지로부터 오염되지 않아 위생적입니다. 접이식 침대이므로 설치 및 보관이 편리합니다. 5분인에 설치를 끝낼 수 있습니다. 아기의 성장에 따라 높이를 4단계로 조절할 수 있습니다. 네바퀴 모두 고정, 이동이 편리한 안전 스토퍼형 바퀴입니다. ",육아용품,063-432-3400,2022-12-02
148,접이식침대,"침대, 매트, 기저귀 교환대, 모빌, 모기장",베이비캠프,0세이상,"아기침대, 흔들침대, 놀이텐트가 하나로 3in 1! 엄마의 마음을 담아 만들어진 아기침대로 캠핑이나 휴가시에도 간편하게 휴대가 가능한 제품입니다. 침대를 접은 다음 보관용 백에 넣으면, 휴대가 간편합니다. 가정내에서도 손쉽게 이동됩니다. ",육아용품,063-432-3400,2022-12-02
149,리틀타익스 리틀 트래블 유모차,본체,리틀타익스,0세이상,"리틀타익스 트래블 유모차는 이동과 보관이 간편한 휴대용 유모차로 아이의 외출을 더욱 편안하게 해줍니다. 등받이는 단계별로 각도조절이 가능하며 안전한 5점식 벨트로 제작되어 양 어깨와 허리, 가랑이를 감싸 더욱 안전합니다. 엄브렐라식 폴딩방법을 사용하여 간편한 보관 및 나들이 시 차량운반이 가능합니다. ",육아용품,063-432-3400,2022-12-02
150,식탁의자,"식탁의자, 시트, 벨트, 2중식판",지그,6개월이상,아이의 성장에 따라 식판을 3단계로 조절할수 있습니다. 간단하게 다리만 분리하면 부스터 시트로 가능하며 미끄럼 방지가 되어 있습니다. 접어서 보관할 수 있으며 접을 경우 25cm공간에 쏙 들어갈 정도로 콤팩트해집니다. ,육아용품,063-432-3400,2022-12-02
151,범보아기의자+카트+전용가방,"의자, 카트, 전용보관백",범버,3개월이상,소프트한 제질로되어 있으며 세척하기 쉽습니다. 발달 설계 디자인 제품이며 원터치 벨트 시스템입니다. 등을 감싸주어 척추를 바르게 하며 아기를 바르게 앉힐 수 있게 허벅지를 잡아줍니다. 카트가 있어 이동이 용이합니다. ,육아용품,063-432-3400,2022-12-02
152,치코 포켓스낵 부스터,본체,치코,6개월이상,포켓 스낵은 컴팩트하고 가벼워 휴대용으로도 훌륭한 아기식탁이며 어디에서나 편안한 식사가 가능합니다. 엄마가 손쉽게 조립 및 운반을 할 수 있으며 제품 겉면에 스푼 모양의 그림이 새겨져 있어 미적인 부분 또한 충족 시켜줍니다. 아기의 안전을 고려한 3점식 벨트로 안전하고 편리함을 제공해줍니다. ,육아용품,063-432-3400,2022-12-02
153,라디오플라이어 그랜드 캐노피 웨건,본체,라디오플라이어,18개월이상,야외나들이에 꼭 필요한 웨건! 등받이와 안전벨트가 있어 어린아이도 안전하게 사용할 수 있습니다. 옆면이 분리가 가능하여 의자로도 활용이 가능합니다. 등받이는 접을 수 있어 아이를 눕히거나 한쪽만 접어 테이블로도 사용이 가능합니다. ,신체(승용),063-432-3400,2022-12-02
154,립프로그 알파벳퍼피-그린,본체,립프로그,12개월이상,알록달록 버튼을 누르면 알파벳과 단어를 배울 수 있습니다. 재미있는 3가지 영어노래를 통해 즐거운 영어놀이를 시작 할 수 있습니다. 뼈다귀를 잡고 걸으면 재미있는 노래가 나와 즐거운 걸음마 놀이를 시작할 수 있습니다. ,조작(탐색),063-432-3400,2022-12-02
155,립프로그 카운팅키티,본체,립프로그,9개월이상,1~20까지 버튼을 누르면 키티가 숫자를 말해줘요. 키티를 앉히고 털뭉치를 돌리거나 키티를 앞으로 가게하면 멜로디가 나와요. 노래를 따라하며 숫자세는 법을 배워보아요. ,조작(탐색),063-432-3400,2022-12-02
156,스페이스 세이버 점퍼루(우드),본체,피셔프라이스,4개월이상,"평평하게 접을 수 있어 집에서 쉽게 보관하거나 야외에서도 휴대하기 편리합니다. 아기가 성장함에 따라 4단계 높이 조절이 가능하여 아기의 성장, 발달에 맞춘 바운스를 경험할 수 있습니다. 반짝이는 무지개 색의 피아노 건반으로 연주도 하고 컬러풀한 링을 앞뒤로 밀면서 아기의 오감을 자극합니다. ",신체(승용),063-432-3400,2022-12-02
157,스텝2 책상의자세트,"책상 1개, 의자 2개",스텝2,2세이상,책상의자세트는 어린이들에게 꼭 필요한 다용도 상품으로 성인이 사용해도 무방할 정도의 내구성을 갖췄습니다. 여러해 사용해도 변색과 마모가 잘 되지 않으며 의자 외형이 접혀지지 않는 일체형 구조로 이뤄져 있어 이음새에 다칠 염려가 없도록 디자인 되었습니다. ,통합놀잇감,063-432-3400,2022-12-02
158,윈펀 R/C 똑똑한 무선자동차,"자동차, 리모콘",윈펀,12개월이상,귀여운 표정의 꼬마 자동차는 버튼을 누르면 신나게 달립니다. 알록달록한 색감은 아이들의 호기심을 자극하기에 좋습니다. 버튼을 누르면 자동차 앞 라이트에 불이 깜빡거려요. ,자동차(모형),063-432-3400,2022-12-02
159,원더키드 뽀로로 청소박사,본체,원더키드,3세이상,엄마를 도와 함께 청소할 수 있는 청소박사입니다. 키에 맞춰 길이 조절이 가능하며 손잡이의 버튼을 누르면 뽀로로가 노래를 합니다. 시중 일반 청소포 모두 사용가능합니다. ,역할(소꿉),063-432-3400,2022-12-02
160,코니스 아롱이 다롱이,본체,코니스,4세이상,아롱이와 다롱이는 장애물에 부딪히면 방향을바꿔 나아가며 춤을추듯 자유롭게 움직이고 맑고 신나는 듀얼톤 동요 15곡이 연주됩니다. 동요멜로디와 함께 움직이는 아롱이와 다롱이 모자의 불빛이 반짝반짝 빛나요.,통합놀잇감,063-432-3400,2022-12-02
161,코니스 뽀로로 하늘여행,본체,코니스,37개월이상,알록달록 프로펠러가 빙글빙글 돌아가고 30곡의 동요멜로디가 연주되며 위잉~ 실감나는 이륙음이 나옵니다. 전진하면 불빛이 반짞반짝!! 앞바퀴를 돌려 방향을 조절할 수있어요. ,자동차(모형),063-432-3400,2022-12-02
162,뽀로로 마트놀이가방,본체,아이코닉스,36개월이상,"뽀로로 마트 가방은 아이들에게 친근한 마트를 배경으로 소푱놀이, 계산놀이 등의 역할놀이를 통해 숫자학습, 영어학습, 감각발달에 도움을 주는 상품입니다. 유아들이 좋아하는 최신동요, 영어동요, 뽀로로 주제가, 다양한 음성 기능과 함께 여러가지 유익한 놀이요소가 있는 간편한 접이식 포터블 가방으로 언제 어디서나 친구가 되어주는 똑똑한 가방입니다. ",조작(탐색),063-432-3400,2022-12-02
163,똑똑한 꼬마버스 타요,본체,아이존,12개월이상,기어의 원리를 배우고 손잡이를 돌리면 4개의 톱니바퀴가 무지개색을 내며 돌아가요. 바퀴를 움직이면 타요 주제가가 나와요. ,자동차(모형),063-432-3400,2022-12-02
164,리틀카우 캐리어 붕붕카(그린),본체,리틀카우,36개월이상,언제 어디서나 신나는 여행 출발! 다양한 장난감을 정리하고 타고 노는 붕붕카로도 변신해요. ,신체(승용),063-432-3400,2022-12-02
165,리틀카우 캐리어 붕붕카(핑크),본체,리틀카우,36개월이상,언제 어디서나 신나는 여행 출발! 다양한 장난감을 정리하고 타고 노는 붕붕카로도 변신해요. ,신체(승용),063-432-3400,2022-12-02
166,쿠쿠토이즈 엠버책상의자세트(핑크),"책상 1개, 의자 2개",쿠쿠토이즈,36개월이상,넉넉한 사이즈라 안전하고 튼튼한 책상&의자에서 우리아이 학습습관을 키워주세요. 책상에는 서랍장이 있어 편리합니다. ,육아용품,063-432-3400,2022-12-02
167,반디 키즈 드림카-(레드),본체,반디,18개월이상,"고급스런 디자인과 재미있는 기능을 담은 아이들이 꿈꾸는 붕붕카입니다.  경적음, 방향지시등, 다양한 음악이 나오며 멋진 전조등과 후미등이 있습니다. ",신체(승용),063-432-3400,2022-12-02
168,키움하우스 핑거드럼,본체,키움하우스,3세이상,"반짝반짝 불빛, 신나는 멜로디와 다양한 재미를 느끼면서 감각발달까지 도와주는 착한 장난감 핑거드럼입니다. 드럼을 치면 재미있는 소리가 나면서 불빛이 반짝반짝 빛나요. 빛나는 불빛은 아이가 드럼을 보며 시선을 집중하게 하고 신나는 음악을 들으며 음악에 관심을 기울이게 합니다. ",음률,063-432-3400,2022-12-02
169,키움하우스 뷰티체어플레이세트,"화장대, 메니큐어 3개, 립스틱 2개, 반지 3개, 목걸이 1개, 팔찌 2개, 빗, 드라이기",키움하우스,3세이상,"여아 친구들이 좋아하는 뷰티세트입니다. 놀이후엔 깔끔하게 정리, 평소엔 의자로 사용할 수 있어요. 공주님으로 변신할 수 있는 다양한 소품들이 가득 담겨있어요. 나들이 가서도 재미있게 역할 놀이를 할 수 있도록 휴대가 편리합니다. ",역할(소꿉),063-432-3400,2022-12-02
170,햇님토이 팬더카,본체,햇님토이,37개월이상,귀여운 캐릭터차 팬더카입니다. 귀엽고 톡톡튀는 컬러와 팬더보다 더 팬더같아 보여 아이들이 좋아합니다. ,신체(승용),063-432-3400,2022-12-02
171,아이앤필 손글씨보드(오렌지),"보드, 연필",아이앤필,3세이상,아이들에게 필기습관 및 바른자세교정을 스스로 익힐 수 있도록 하는 특허받은 교육완구입니다. 펜을 잘못된 방법으로 쥐면 사용할 수 없습니다. 바른자세로 유도하는 디자인이 적용되어 있습니다. 지우개 손잡이는 기어 방식으로 부드럽게 슬라이딩 되어 손쉽게 지울 수 있습니다. ,통합놀잇감,063-432-3400,2022-12-02
172,[브랜드B] 무선씽씽스페이스카,"자동차, 리모콘",브랜드B,4세이상,화려한 불빛! 장애물에 부딪쳐도 쉽게 회전합니다. 리모컨 버튼이 하나로 되어 있어서 아이들이 조작하기 쉽습니다. 장애물에 부딪쳐도 쉽게 회전할 수 있어요. 버튼을 누르면 시동거는 소리와 불빛이 들어와요. ,자동차(모형),063-432-3400,2022-12-02
173,뽀로로의자(LG) / lg뽀로로 노랑,본체,아기자리,12개월이상,"아이들이 너무나 좋아하는 뽀로로 캐릭터 디자인에 튼튼한 철제의자입니다. 최고급 소재로 튼튼하게 만들어져 내구성이 뛰어나며 코팅이 쉽게 벗겨지지않고 변형, 변색의 우려가 적습니다. 5cm의 쿠션이 아이가 장시간 앉아있어도 아이가 편안함을 유지할 수 있도록 해줍니다. ",육아용품,063-432-3400,2022-12-02
174,캐스B스포츠 배드민턴세트,"라켓 2개, 셔틀콕 1개, 공 1개",캐스B,3세이상,"배드민턴 라켓2개와 셔틀콧 1개, 공 1개로 구성된 세트입니다. 말랑말랑한 테니스공도 포함되어 있어 테니스 게임도 가능합니다. 무게가 가벼워 아이들의 팔에 무리가 가지 않으며 손잡이와 라켓에 엠보싱 처리가 되어있어 딱딱하지 않아 다칠 위험이 적습니다. ",신체(승용),063-432-3400,2022-12-02
175,캐스B스포츠 트램폴린 캐치볼,"라켓 2개, 공 2개",캐스B,3세이상,한사람이 위로 튕기기 놀이를 하거나 두 명이 같이 주고받기 놀이를 할 수 있습니다. 손잡이가 있어 편하게 잡고 튕길 수 있으며 공의 무게가 가볍고 부드러워 아이들이 다칠 위험이 없습니다. ,신체(승용),063-432-3400,2022-12-02
176,캐스B스포츠-점핑디어 룰루랄라(레드),본체,캐스B,3세이상,통통 튀는 점핑디어를 타고 다니면서 발 끝부터 미세근육이 발달돼 아이들의 신체감각이 쑥쑥 자라나며 균형이 발달합니다. ,신체(승용),063-432-3400,2022-12-02
177,[짐닉]호핑볼-50cm 노랑,"본체, 영문메뉴얼, 아답터, 마개, 핸드펌프",짐닉,6세이상,통통 튀는 호핑볼은 컬러풀한 색으로 디자인 되어있습니다. 발끝부터 미세근육이 발달돼 아이들의 신체감각이 쑥쑥 자라나며 균형이 발달합니다. ,신체(승용),063-432-3400,2022-12-02
178,콩순이 NEW쓰기컴퓨터,"본체, 펜",영실업,37개월이상,"고감도 쓰기펜과 쓰기패드가 있어 글씨를 쓰면 화면에 나타나요. 기본글자, 받침글자, 쌍자음, 복잡한 모음을 배울 수 있으며 그림을 그릴수도 있습니다. 우리동요, 외국동요를 따라 부를수도 있고 두뇌발달 게임도 할 수 있습니다.  ",통합놀잇감,063-432-3400,2022-12-02
179,씽크 클레오 링걸이,"원목대, 노랑링 2개,빨강링 2개,초록링 2개, 남색링 2개",씽크,3세이상,"링게임 놀이를 통해 손의 감각, 집중력, 운동신경 발달과 정서순화에 도움을 줍니다. 가족들, 친구들과 함께 즐길 수 있으며 원목대를 사용하여 무게감이 있고 감촉이 좋습니다. ",신체(승용),063-432-3400,2022-12-02
180,아이존 뽀로로 범버카,본체,아이존,3개월이상,뽀로로가 흔들흔들~ 해리가 빙글빙글~ 12가지 동요멜로디가 랜덤으로~자동으로 장애물을 피해서 움직여요. ,통합놀잇감,063-432-3400,2022-12-02
181,영실업 엉뚱발랄 콩순이,본체,영실업,36개월이상,엉뚱발랄 귀여운 콩순이와 항상 마이크를 들고 다니며 무슨말이든 랩처럼 흥얼거리는 라임별에서 온 세오입니다. ,역할(소꿉),063-432-3400,2022-12-02
182,안아주세요 돌보기 콩콩이,본체,영실업,36개월이상,엉뚱발랄 콩순이의 아기동생 콩콩이입니다. 콩콩이를 꼬옥 안아주세요. 콩콩이는 울고 웃고 말을 합니다. ,역할(소꿉),063-432-3400,2022-12-02
183,콩순이 NEW쓰기컴퓨터,"본체, 펜",영실업,37개월이상,"고감도 쓰기펜과 쓰기패드가 있어 글씨를 쓰면 화면에 나타나요. 기본글자, 받침글자, 쌍자음, 복잡한 모음을 배울 수 있으며 그림을 그릴수도 있습니다. 우리동요, 외국동요를 따라 부를수도 있고 두뇌발달 게임도 할 수 있습니다.  ",통합놀잇감,063-432-3400,2022-12-02
184,우디즈 패밀리 컨트리 하우스,"본체, 인형 2개",우디즈,3세이상,귀여운 컨트리 하우스로 놀러오세요. 귀여운 인형 2개가 포함되어 있습니다.  다양한 소품들로 예쁘게 꾸며 보세요. ,역할(소꿉),063-432-3400,2022-12-02
185,브라이트스타트 공놀이 개구리연못,"본체, 컬러볼 6개",브라이트스타트,6개월이상,입 속에 공이 팡팡~ 공놀이 개구리 연못은 입속 바운스 패트가 공을 튕겨 내 밖으로 내보내는 장난감으로 보는 이를 웃게 만드는 재미있는 개구리입니다. ,조작(탐색),063-432-3400,2022-12-02
186,자석나라 마네티코블럭 주니어,"블록 23pcs, 예시카드,케이스",자석나라,12개월이상,마네티코블록은 요철을 없애고 자석을 내장하여 자력의 힘이 마음껏 상상하는데로 쉽고 재미있게 블록쌓기를 오래도록 할 수 있게 도와줍니다. ,블록,063-432-3400,2022-12-02
187,캐스B스포츠-축구공 6종세트,축구공 6개,캐스B,3세이상,"체육활동에 사용되는 공놀이 완구로 신체영역 발달에 도움을 줍니다. 가볍고 안전하며, 6가지 예쁜 색상으로 구성되어 있습니다. ",신체(승용),063-432-3400,2022-12-02
188,[브랜드B] 루키미러,본체,브랜드B,12개월이상,아기가 거울을 보며 좋아합니다. 뱅글뱅글 데굴데굴 양쪾으로 굴리면서 놀 수 있어요. 양쪽 큰 바퀴를 굴리면 딸랑딸랑 소리와 함께 데구르르 굴러갑니다. 아이가 신기해하면 따라가요~,조작(탐색),063-432-3400,2022-12-02
189,[브랜드B] 피아노매트 ,본체,브랜드B,3세이상,"오렌지/블루 2가지 모드로 2명이서 함께 연주가능합니다. 즐거운 음악, 재밌는 소리, 반짝이는 불빛을 따라 밟으면서 피아노 연주를 해봐요. ",신체(승용),063-432-3400,2022-12-02
190,우디즈 패밀리 스쿨 하우스,"4pcs, 인형2개",우디즈,3세이상,딩동뎅동~ 수업시작했어요!!! 즐거운 우리동네 학교~ 아이들이 너무 즐거워 하는 놀이입니다. ,역할(소꿉),063-432-3400,2022-12-02
191,뽀로로 까꿍 숨바꼭질 놀이,본체,아이코닉스,37개월이상,"뽀로로와 함께 랜덤 퀴즈로 숫자맞추기, 색깔 맞추기, 친구찾기 놀이를 해보아요. 문이 열리면 캐릭터들의 다양한 멘트를 들을 수 있어요. 버튼을 누르고 내리고, 밀면서 아이들 소근육 발달 향상에 도움을 주어요. ",신체(승용),063-432-3400,2022-12-02
192,자석나라 마네티코블럭 시니어,"블록 27pcs, 예시카드, 케이스",자석나라,3세이상,마네티코블록은 요철을 없애고 자석을 내장하여 자력의 힘이 마음껏 상상하는데로 쉽고 재미있게 블록쌓기를 오래도록 할 수 있게 도와줍니다. ,블록,063-432-3400,2022-12-02
193,원앤원 뽀로로 돌보기 아기띠,"뽀로로, 옷, 우유병, 아기띠",원앤원,37개월이상,뽀로로를 돌봐주고 아기띠로 안아주고 우유도 먹여주세요. ,역할(소꿉),063-432-3400,2022-12-02
194,치코 포인원카 4in1 car,본체,치코,9개월이상,"월별, 연령별로 아기의 성장단계에 맞춰 사용할 수 있는 안전한 붕붕카입니다. 4단계로 변형이 가능하며 놀면서 자라는 아기들에게 즐겁고 재미있는 놀이시간을 선물하세요. ",신체(승용),063-432-3400,2022-12-02
195,치코 워키토키보행기,본체,치코,6개월이상,성장하는 아기들의 변화에 맞춰 3단계로 높이 조절이 가능하여 아이의 바른 자세를 잡는데 도움을 줍니다. 아이들의 호기심을 자극하는 반짝반짝 불빛과 동물들과 함께하는 신나는 멜로디 놀이판입니다. ,신체(승용),063-432-3400,2022-12-02
196,리틀타익스 빅 카 캐리어(운반차),"본체, 미니카 2대",리틀타익스,18개월이상,빅 카 캐리어는 두개의 작은 자동차가 있는 견고하고 세련된 디자인의 유아완구입니다.,자동차(모형),063-432-3400,2022-12-02
197,피셔프라이스 래프앤런 뉴 러닝홈,"본체, 편지 2개, 도형 4개",피셔프라이스,6개월이상,아기에게 집이라는 친근한 컨텐츠를 실생활과 연결해보며 아기의사고 확장시켜줍니다.,통합놀잇감,063-432-3400,2022-12-02
198,스텝2 위스퍼라이드크루저,본체,스텝2,18개월이상,위스퍼휠 기능으로 바퀴의 소음을 최소화하였습니다. 엄마들이 직접 밀고 다닐 수 있어 모두 만족할 수 있는 승용완구입니다. ,신체(승용),063-432-3400,2022-12-02
199,미미 뽀로로 컴퓨터,"본체, 마우스",미미,3세이상,한글놀이/영어놀이/숫자놀이/창의력게임/뽀로로와 친구들 다섯가지 모드의놀이와 힌트보기 기능으로 즐겁고 쉽게 즐길 수 있는 게임들로 구성되어 있습니다. ,통합놀잇감,063-432-3400,2022-12-02
200,아이존 뽀로로 뮤직스텐드마이크,본체,아이존,37개월이상,음악놀이 교육은 뮤직 스탠드 마이크와 함께 하세요. 자신감 있고 표현 잘하는 아이가 된답니다. ,역할(소꿉),063-432-3400,2022-12-02
201,아이존 까꿍 뽀로로 티슈박스,본체,아이존,6개월이상,시청각을 만족시키는 지휘놀이! 소근육발달과 집중력을 위한 티슈놀이! 30곡의 노래와 16가지의 음원이 수록되어 있습니다. ,조작(탐색),063-432-3400,2022-12-02
202,아이존 뽀로로 119 소방차,"본체, 뽀로로인형",아이존,37개월이상,뽀로로 119 소방차가 왔다갔다~ 손으로 움직여보세요. 후렉션 기어 기능으로 뽀로로 119 소방차를 밀면 앞으로 전진합니다. ,자동차(모형),063-432-3400,2022-12-02
203,아이존 뽀로로 멜로디 소방차,"본체, 뽀로로, 루피, 크롱",아이존,37개월이상,"사방으로 자유롭게 움직이는 소방사디리, 탈착이 가능한 뽀로로, 크롱, 루피. 반짝반짝 불빛과 깔끔한 컬러~ 둥글한 마감처리로 안전함까지 갖췄어요. ",자동차(모형),063-432-3400,2022-12-02
204,영실업 또봇 D,본체,영실업,37개월이상,30개의 명대사! 또봇이 말하면 눈에서 불빛이 짠! 가슴버튼을 누르면 말을해요. 몸체를 터치하면 말을해요!,자동차(모형),063-432-3400,2022-12-02
205,영실업 시크릿쥬쥬 시크릿요정 쥬쥬,본체,영실업,36개월이상,"시크릿 쥬쥬는 3D애니메이션 시리즈 '시크릿쥬쥬의 메인 캐릭터입니다. 동화나라 플레로마의 요정인 시크릿쥬쥬는 인간세상에서 릴리, 로사, 아이린 등 친구들과 함께 시크릿 다이어리의 마법으로 동화나라와 왕자님을 되찾기위해 미션을 해결하고 우정을 쌓아갑니다. ",역할(소꿉),063-432-3400,2022-12-02
206,영실업 지오메카 비스트가디언 레오칸,본체,영실업,36개월이상,"지오메카 비스트 가디언은 개성강한 태후, 루이, 석우가 만나 서로를 이해하며 지구를 지키는 비스트 가디언들로 성장해나가는 이야기입니다. 3단변신을 통해 다양한 액션을 보여줍니다. ",역할(소꿉),063-432-3400,2022-12-02
207,영실업 지오메카 비스트가디언 레오칸,본체,영실업,36개월이상,"지오메카 비스트 가디언은 개성강한 태후, 루이, 석우가 만나 서로를 이해하며 지구를 지키는 비스트 가디언들로 성장해나가는 이야기입니다. 3단변신을 통해 다양한 액션을 보여줍니다. ",역할(소꿉),063-432-3400,2022-12-02
208,지오메카 비스트가디언 3단합체 스카이호크,본체,영실업,36개월이상,"지오메카 비스트 가디언은 개성강한 태후, 루이, 석우가 만나 서로를 이해하며 지구를 지키는 비스트 가디언들로 성장해나가는 이야기입니다. 3단변신을 통해 다양한 액션을 보여줍니다. ",역할(소꿉),063-432-3400,2022-12-02
209,영실업 지오메카 비스트가디언 카이만,본체,영실업,36개월이상,"지오메카 비스트 가디언은 개성강한 태후, 루이, 석우가 만나 서로를 이해하며 지구를 지키는 비스트 가디언들로 성장해나가는 이야기입니다. 3단변신을 통해 다양한 액션을 보여줍니다. ",역할(소꿉),063-432-3400,2022-12-02
210,스텝2 주니어흔들말    ,본체,스텝2,12개월이상,클래식한 흔들말이 더욱 귀여워졌어요! 부드럽고 안락한 시트와 이지 그립형 핸들과 견고하게 만들어져서 심한 흔들림이나 기울어짐을 방지해줍니다. ,신체(승용),063-432-3400,2022-12-02
211,브라이트스타트 스피닝 라이트,본체,브라이트스타트,6개월이상,별 모양의 손잡이를 구욱~ 누르면 바닷속 친구들이 빙글빙글 움직이는 스피닝 라이트는 물고기와 함께 알록달록 컬러 라이트가 회전하며 아기의 시각을 자극하는 장난감입니다. ,조작(탐색),063-432-3400,2022-12-02
212,뽀로로빠방스쿨버스,"버스, 뽀로로와 친구들 10명",원더키드,3세이상,인형이 타고 내릴 수 잇어요~ 버스를 펼치면 놀이터가 나타납니다. ,조작(탐색),063-432-3400,2022-12-02
213,햇님토이 마이카,본체,햇님토이,36개월이상,동글동글한 디자인과 부드러운 색상! 사용연령에 맞게 탈부착 가능한 발판이 있습니다. ,신체(승용),063-432-3400,2022-12-02
214,로보카 폴리 멜로디자동차,본체,야야,36개월이상,실제차와 같이 양쪽문이 모두 열립니다. 안전을 위해 문의 열림이 느슨하지 않도록 되어 있습니다. 발판이 의자 밑으로 수납됩니다. 연령에 따라 발판을 넣거나 빼어 사용해 주세요.,신체(승용),063-432-3400,2022-12-02
215,스텝2 포드 손잡이차,본체,스텝2,18개월이상,포드트럭의 리얼함을 살려 제작된 자동차입니다. 운전대에 경적을 울릴수 있으며 360도 회전가능한 보조바퀴가 있습니다. 분리가 가능한 뒷손잡이와 탈부착이 가능한 발판이 포함되어 있습니다. ,신체(승용),063-432-3400,2022-12-02
216,뉴어라운드 위고,본체,브라이트스타트,6개월이상,360도 놀이테이블 주변을 돌며 걸음마를 익히는 뉴어라운드위고는 안전하게 움직이며 걸음마와 감각기능을 발달시킵니다. ,통합놀잇감,063-432-3400,2022-12-02
217,짐보리 낚시놀이,"낚시통, 낚시대, 동물모양 16개",짐보리,3세이상,색과 모양 변별력과 집중력 향상에 좋은 기초학습교구입니다. 독일 무독성 수성 페인트를 사용한 밝고 선명한 컬러의 원목완구입니다,역할(소꿉),063-432-3400,2022-12-02
218,한립토이즈 생일케이크,"케이크 6조각, 장식품 24개, 종이접시 4개, 칼 1개",한립토이즈,36개월이상,마음에 드는 모양으로 케이크를 장식하여 자신만의 케이크를 만들어 보세요. 촛불을 끄듯이 '훅'불어 주면 촛볼이 안으로 들어가면서 촛불이 꺼집니다.,역할(소꿉),063-432-3400,2022-12-02
219,립프로그 쿠킹오븐세트,"오븐, 재료 16개",립프로그,2세이상,"가상놀이를 하면서 16가지 재료들과 함께 숫자를 익혀요. 30가지의 단어, 노래와 함께 숫자세기, 나누기를 익히고 숫자 슬라이드를 조절하면서 숫자,시간,온도를 탐험해보아요.",역할(소꿉),063-432-3400,2022-12-02
220,로보카 폴리 멜로디자동차,본체,야야,36개월이상,실제차와 같이 양쪽문이 모두 열립니다. 안전을 위해 문의 열림이 느슨하지 않도록 되어 있습니다. 발판이 의자 밑으로 수납됩니다. 연령에 따라 발판을 넣거나 빼어 사용해 주세요.,신체(승용),063-432-3400,2022-12-02
221,홈런왕 배팅 연습기,"받침대, 공통로 2개, 배트, 아구공 3개",바이브랜드,10세이상,날씨 좋은날 아이와 야외활동으로 야구 게임 어떠세요? 모터가 작동하여 공을 발사하여 야구연습하며 놀 수 있는 야구 연습기입니다. ,신체(승용),063-432-3400,2022-12-02
222,브루미즈 싹둑싹둑 과일자르기 세트 (54종),"쇼핑카트, 과일 30종, 백과사전, 색칠공부 20장, 칼 도마, 접시",브루미즈,37개월이상,"쇼핑카트 과일자르기30종, 백과사전, 색칠공부20장, 칼 도마, 접시로 구성된 역할놀이를 할수 있는 완구 입니다.",역할(소꿉),063-432-3400,2022-12-02
223,미미월드 리틀미미 이층집,"이층집, 미미, 강아지, 놀이판, 스티커 외 36종",미미월드,37개월이상,"깜찍하고 귀여운 리틀 미미의 럭셔리 이층집입니다. 불이켜지는 램프와 핑크 침대가 있는 아늑한 침실, 핑크 러그와 쇼파, 옷장, 거울이 있는 드레스룸, 깜찍한 화장대, 욕실, 응접실로 구성되어 있습니다.",역할(소꿉),063-432-3400,2022-12-02
224,콩순이 말하는 냉장고,"냉장고 본체, 세요 키, 스티커 2개 외 11종",영실업,36개월이상,"손잡이를 당기면 캐리어로 변하는 냉장고 완구로 새요 키를 꽂으면 다양한 문장과 동요가 나오고, 냉장고에서 물이 나오며, 좋아하는 음식을 올리면 재미있는 음식이야기를 하면서 단순한 소꿉놀이에서 스토리 텔링으로 아이의 사고력과 창의력을 발달시켜줍니다.  ",역할(소꿉),063-432-3400,2022-12-02
225,비트밥 슈퍼스타 드럼세트,"드럼 본체, 의자, 채 2개",윈펀,37개월이상,"유아기부터 키즈까지 모두 사용이 가능한 활용범위가 큰 드럼입니다. 재미있는 연주놀이를 통해 자연 스레 창의력 및 EQ가 발달되며, 소근육을 이용한 놀이로 운동능력 발달에 도움을 줍니다. ",음률,063-432-3400,2022-12-02
226,퀵폴드 미끄럼틀 ,본체,그루업,3세이상,집에서도 즐기는 미끄럼틀 놀이.. 아담한 사이즈로 실내에서도 부담없이 놀아요. 간단히 접어서 좁은 공간에도 효과적으로 보관이 가능 합니다.자외선 차단 플라스틱 소재로 실내 및 야외 놀이에 적합니다.,신체(승용),063-432-3400,2022-12-02
227,뽀로로 멜로디 볼텐트(볼100개),"본체, 볼 100개",아이존,12개월이상,어디에서도 볼수 없었던 독특한 뽀로로 과자집 볼텐트가 탄생했어요. 정면에 초인종을 누르면 뽀로로 주제가와 총 4가지 테마 소리가 나와요.,역할(소꿉),063-432-3400,2022-12-02
228,뽀뽀그네1인용,본체,햇님토이,24개월이상,아이들이 좋아하는 밝은 노란색상의 기린모양으로 친근감을 줍니다. 레드&옐로우의 밝은 색상으로 아이들이 더욱 좋아하는 뽀뽀그네입니다.,신체(승용),063-432-3400,2022-12-02
229,카봇 킹가이즈,본체,손오공,37개월이상,"로봇들의 제왕 로봇모드, 하늘의제왕 이글모드, 백수의 제왕 라이온 모드, 바다의 제왕 샤크모드, 총 4가지 모드로 변화무쌍하게 변신한다.",자동차(모형),063-432-3400,2022-12-02
230,카봇 메가볼드,본체,손오공,37개월이상,배짱 두둑하고 패기가 넘치는 카봇. 메가볼드. 변신 단계가 간편하고 변신을 할 때 맞물림이 정교합니다.,자동차(모형),063-432-3400,2022-12-02
231,카봇 킹다이저,"킹다이저, 날개 2개",손오공,37개월이상,"킹다이저의 기본모드인 로봇 모드, 부드러운 성격이지만 실제로는 강력한 코끼리 모드, 자존심이 강한 하늘의 지배자 드래곤 모드로 3단 변신을 한다.",자동차(모형),063-432-3400,2022-12-02
232,카봇 우가바,"우가바, 무기 2개",손오공,37개월이상,고릴라의 모습으로 미래에서 찾아왔다. 장난기 많은 고릴라 카봇 우가바. 그러나 위기의 순간에는 용감한 문제를 해결하는 듬직한 친구.,자동차(모형),063-432-3400,2022-12-02
233,카봇 비트런,"비트런, 무기 2개",손오공,37개월이상,강력한 터보와 정열을 가진 푸른 불꽃의 사나이로 변신! 변신 단계가 간편하고 변신을 할때 맞물림이 정교합니다.,자동차(모형),063-432-3400,2022-12-02
234,카봇 오토소닉,"오토소닉, 무기 2개",손오공,37개월이상,"카봇 중에는 최고 속도를 내며,F1 머신답게 고가를 자랑한다. 멋있고 쿨하며, 평소에는 느끼할 정도로 부드럽고 자상하지만, 위기의 순간이 되면 거침없어진다.",자동차(모형),063-432-3400,2022-12-02
235,카봇 아머퍼스,"아머퍼스, 무기 1개",손오공,37개월이상,"아머포스의 기본모드인 로봇 모드, 창공을 가로지르는 헬리콥터 모드, 무대뽀식 막무가내 탱크 모드로 3단 변신을 한다.",자동차(모형),063-432-3400,2022-12-02
236,카봇 카봇시계 버전2 (세트),"시계, 카봇팩 2개, 보관함, 클립, 체인줄",손오공,37개월이상,카봇팩을 장착하면 시계에서 효과음과 불빛이 난다. 시계를 돌리면 액션 효과음과 카봇팩 종류별 효과음이 난다.,자동차(모형),063-432-3400,2022-12-02
237,기운센 2in1 포크레인붕붕카,"본체,안전모",야야,3세이상,붕붕카도 타고 포크레인 놀이도 해요. 포크레인이 상하좌우 회전이 가능해요. 포크레인과 집게발을 교체하여 사용할 수 있습니다.,신체(승용),063-432-3400,2022-12-02
238,NEW 알파벳 주 볼 ,본체,립프로그,6개월이상,즐거운 음악과 함께 바퀴를 굴려보세요. 화살표에 불이 켜지며 화살표가 가리키는 알파벳과 동물을 배울 수 있어요. 음표버튼을 누르면 노래모드로 변해요. 스핀이 멈추면 동물의 울음소리가 나와요.,조작(탐색),063-432-3400,2022-12-02
239,NEW 투인원 러닝 노트북-핑크,본체,립프로그,2세이상,"노트북에서 테블릿으로 바꾸려면 화면을 돌려 열고 닫아 주세요. 키보드를 사용하여 문자와 숫자를 배우고, 재미난 노래와 문구를 포함한 5가지 모드를 통해 신나게 배울 수 있어요.",조작(탐색),063-432-3400,2022-12-02
240,공놀이 기린,"본체, 공 6개",브라이트스타트,12개월 이상,"공을 입에 넣으면 숫자를 세어주고, 기릭 뿔을 만지면 재미있는 사운드와 즐거운 음악소리를 들려주고 빙글빙글 회전 실력을 보여줍니다. 공을 넣고, 공을 잡으로 따라다니면서 자연스럽게 소근육과 대근육을 자극하게 되는 똑똑한 공놀이 기린입니다.",조작(탐색),063-432-3400,2022-12-02
241,뉴 러닝 노트북,본체,피셔프라이스,6개월이상,"신선하고 매끄러운 디자인으로 더욱 더 업그레이드 된 아기용 노트북입니다. 스마트 스테이지 기술로 아기의 월령에 맞춰 3단계 놀이학습이 가능합니다. 30가지 이상의 노래와 문구들, 9가지 컬러풀한 키보드 버튼으로 더욱더 현실감 넘치는 역할놀이를 경험해보세요.",조작(탐색),063-432-3400,2022-12-02
242,미미노트북,본체,미미월드,6세이상,"영상 꾸미기에서는 내가 찍은 동영상에 귀여운 프레임도 선택하고, 움직이는 스티커도 넣고, 배경음악도 깔아요. 카메라 기능으로 재미있는 프레임들을 선택해 사진을 찍어요. 스티커로 더욱 다양한 사진으로 만들어요.",조작(탐색),063-432-3400,2022-12-02
243,타요 긴급출동센터 플레이세트,"타요, 출동레일, 센터본체, 미션카드 2장",아이코닉스,37개월이상,경찰 타요의 사이렌을 누르면 반짝반짝 사이렌에 불빛이 나와요. 미션카드를 카드 거치대에 꽂으면 다양 미션 사운드가 나와요.,자동차(모형),063-432-3400,2022-12-02
244,타요 트래블 키즈 캐리어 여행가방,본체,아이코닉스,37개월이상,"타요 트레블 키즈 캐리어는 아이의 소증한 물건은 담아 스스로 끌기도 하고 타기도 하며 놀이 할 수 있고, 타요의 친근한 모습을 한 다양한 기능의 트래블 키즈 캐리어는 우리 아이에게 꼿 필요한 여행 필수 아이템입니다.",역할(소꿉),063-432-3400,2022-12-02
245,레트로 로켓,본체,라디오플라이어,12개월이상,"버튼을 누르면 표시등이 깜빡이며,버튼마다 카운트다운 소리 및 착륙할 때의 소리등 다양한 효과음으로 아이의 재미를 더해줍니다.아이들이 좋아하는 로켓디자인의 레트로 로켓은 표면이 매끄럽고 곡선으로 처리되어 아이가 쉽게 긁히거나 다치지 않습니다.",신체(승용),063-432-3400,2022-12-02
246,립프로그 미니계산대,"계산대, 상품 8개, 동전 10개, 적립카드",립프로그,2세이상,동전 투입구는 동전을 넣을때 마다 숫자를 세어줍니다. 상품을 스켄한 후 토탈을 누르면 얼마인지 알려줍니다. 돈에대한 인지와 사용방법을 익히며 맛있는 음식도 배워보아요. 재미있는 노래와 사운드가 나와 즐겁게 놀이할 수 있습니다. ,역할(소꿉),063-432-3400,2022-12-02
247,래프앤런 렛츠 싱크/목욕 양치놀이,"본체, 소품 4개",리틀타익스,18개월이상,목욕이나 양치하기 싫어하는 아이들에게 놀이를 통해 얼굴을 씻거나 양치에 대한 거부감을 없애고 건강한 습관을 가르치는 50가지 멜로디로 즐겁게 학습할 수 있습니다.,역할(소꿉),063-432-3400,2022-12-02
248,빙글빙글 타요 주차장 놀이세트,"주차장, 타요",아이코닉스,3세이상,"신나게 빙글빙글 미끄럼도 타고, 다시 엘리베이터로 올라가고! 타요와 함께 주차장 놀이를 해 보아요!",자동차(모형),063-432-3400,2022-12-02
249,베이비타요 팡팡 드럼,본체,아이코닉스,12개월이상,"베이비타요 팡팡 드럼은 다양한 멜로디와 효과음, 타요의 재미있는 멘트를 들으며 아이들의 성장에 맞춰 놀이가 가능한 베이비 악기완구 입니다. ",조작(탐색),063-432-3400,2022-12-02
250,까꿍 뽀로로 티슈박스,"본체,티슈 10장",아이존,6개월이상,"지휘놀이, 티슈놀이, 회전 뽀로로 놀이, 드럼 연주 놀이, 팝업놀이, 숫자 다이얼 놀이 등 집중력과 호기심을 자극하는 6가지 놀이가 가득합니다.",조작(탐색),063-432-3400,2022-12-02
251,뽀로로 뮤직스텐드마이크,본체,아이존,37개월이상,음악놀이 교육은 뮤직 스탠드 마이크와 함께 하세요. 자신감 있고 표현 잘하는 아이가 된답니다. ,음률,063-432-3400,2022-12-02
252,뽀로로 변신 소방차,"변신소방차, 미니카 3개, 피규어 3개, 부속품",아이존,3세이상,뽀로로 소방차로 놀이하고 소방구조대로 변신! 신나게 역할놀이에 몰입하면서 사회성과 창의력이 자랄 수 있어요.,자동차(모형),063-432-3400,2022-12-02
253,번개카(붕붕카),본체,아이실리콘,12개월이상,아이들이 많은 힘을 들이지 않고 핸들만 흔들어도 앞으로 나아가는 붕붕카입니다. 폴리우레탄 바퀴로 소음없이 실내에서 타고 아이의 공간지각 능력과 근육 발달에 도움을 줍니다.,신체(승용),063-432-3400,2022-12-02
254,3 in 1 액티비티 오션,"잠수함 1대, 캐노피 1개, 스탠딩 옥토퍼스 1개",리틀타익스,6개월이상,"아이에게 필요한 운동능력 발달, 감각능력 발달, 인과관계 학습, 눈과 손의 협응 능력 등 모든 발달을 돕는 종합놀이완구입니다. 분리형으로 각각의 제품을 단독완구로 사용할 수 있으며, 15가지 이상의 놀이가 가능한 완구입니다.",신체(승용),063-432-3400,2022-12-02
255,뽀로로 무빙 택배놀이,"본체, 오토바이, 스캐너, 택배박스4개, 선물5개, 포장트레이",아이코닉스,3세이상,"레일이 움직이는 뽀로로 무빙 택배놀이. 누구에게 보내는 택배일까요? 택배 박스를 포장하고 레일 위에 올려 박스를 옮겨요. 오토바이에 택배 박스를 실어 택배 배달 출발. 뽀로로의 재미있는 멘트와 효과음,동요를 들으며 더욱 실감나는 놀이를 할 수 있어요.",역할(소꿉),063-432-3400,2022-12-02
256,뽀로로 서커스 공놀이,"본체, 공 5개",아이코닉스,18개월이상,"뽀로로 서커스 공놀이는 숫자, 색깔2가지 모드로 모자나 고깔 속에 5가지의 캐릭터 공을 넣어 아래도 공이 굴러 내려오면 4개의 각 문을 열러보며 숨어있는 캐릭터 공을 차자자보고 뽀로로의 다양한 칭찬 멘트를 듣는 공놀이 토이입니다.",조작(탐색),063-432-3400,2022-12-02
257,아장아장 스마트 터틀,본체,유닛키즈,12개월이상,4색 LED와 함께 움직이는 거북이입니다. 아기들의 정서에 도움을 주며 순발력과 집중력을 향상시켜 줍니다.,조작(탐색),063-432-3400,2022-12-02
258,뽀로로 힘센 유조차,본체,바니랜드,3세이상,다양한 기능에 안전하고 튼튼한 뽀로로 힘센 유조차. 우리아이들이 정말 좋아하는 자동차 완구입니다.,자동차(모형),063-432-3400,2022-12-02
259,드리븐리얼 청소차,"본체, 쓰레기통 2개, 빗자루",드리븐,3세이상,청소차의 원리를 생각해 만든 디자인. 통안에 쓰레기를 넣어보세요. 기울기를 조정해 쓰레기를 깨끗히 비울 수 있습니다.,자동차(모형),063-432-3400,2022-12-02
260,콩순이 말하는 멜로디 밥솥세트,"밥솥, 소품 9개",플레이맥스,3세이상,콩순이 말하는 멜로디 밥솥과 즐거운 요리시간! 10가지 음성지원에 다양한 멜로디로 즐거운 놀이하며 건강한 식습관도 만들어주세요.,역할(소꿉),063-432-3400,2022-12-02
261,의사놀이 X-ray 병원놀이 가방 ,"케이스,도구 12개",레드박스,3세이상,가방에서 나는 다양한 효과음과 불빛들은 아이들의 감각발달에 도움을 주고 더욱 실감나는 놀이를 할 수 있도록 해줍니다.,역할(소꿉),063-432-3400,2022-12-02
262,BMW R1200GS 세발자전거,본체,파파야나인,3세이상,아이의 성장에 따라 2가지 방법으로 사용이 가능합니다. 페달이 익숙하지 않는 아이라면 페달을 분리하여 사용이 언제든지 필요할 때 페달을 장착하여 사용하실 수 있습니다.,신체(승용),063-432-3400,2022-12-02
263,토스트만들기 놀이세트 ,"토스터기, 빵 4개, 딸기잼, 토마토, 양상추, 햄, 칼, 접시, 버터, 버터접시",레드박스,3세이상,"맛있는 토스트를 직접 만들어 볼까요? 친구들과 대화를 나누며 멋진 T-time을 즐겨보아요~! 지글지글 토스트 굽는 소리가 나며 타이머가 끝나면 3,2,1 땡! 하는 소리와 함께 토스트와 레버가 자동으로 올라옵니다. ",역할(소꿉),063-432-3400,2022-12-02
264,주유소놀이,본체,리틀타익스,3세이상,"유아의 상상력과 사회성을 기를 수 있는 역할놀이 완구입니다. 주유기의 3가지 버튼은 클락션, 시동거는 소리 주유하는 소리가 납니다.",역할(소꿉),063-432-3400,2022-12-02
265,째즈달팽이,본체,치코,9개월이상,버튼을 누르면 째즈 음악이 나옵니다. 구슬을 돌리면 알록달록한 불빛이 나와 아이들이 좋아합니다.,조작(탐색),063-432-3400,2022-12-02
266,NEW 전자레인지,"전자레인지, 음식4종",레드박스,3세이상,"진짜 전자레지처럼 다양한 기능의 버튼들이 있고, 소리도 나고 불빛도 반짝이며 다양한 요리만들기 놀이를 할 수 있는제품입니다.",역할(소꿉),063-432-3400,2022-12-02
267,하모니드럼,"하모니드럼, 드럼채 2개, 에그쉐이커, 탬버린, 호루라기, 캐스터네츠",브랜드B,12개월이상,"휴대가 가능한 퍼레이드 악기세트. 하모니드럼, 딱딱소리를 내는 캐스터네츠, 삐익 호루라기, 샤카샤카 에그탬버린, 드럼스틱 까지. 다양한 도구로 즐거운 연주를 해 보아요.",음률,063-432-3400,2022-12-02
268,빨간망토 모빌,본체,치코,0개월이상,모빌은 분리 가능한 형태로 모빌과 뮤직박스로 두가지 모드로 사용가능합니다. 집 모양 버튼을 돌리면 멜로디가 나오면서 음악과 함께 모빌이 돌아갑니다.(오르골방식),조작(탐색),063-432-3400,2022-12-02
269,찰리 붕붕카,본체,치코,12개월이상,"의자 아래 공간이 있어 아이들이 장난감등을 보관할 수 있습니다.걸음마, 붕붕카 두 가지용도로 사용할 수 있습니다.프로펠러와 레버등 다양한 요소들이 아이들을 더욱 즐겁게 도와줍니다.",신체(승용),063-432-3400,2022-12-02
270,동물의집,"본체, 블록 10개, 열쇠뭉치",치코,12개월이상,5가지 색깔의 열쇠로 각각의 5가지 문이 열립니다. 10가지 동물&도형 블록으로 도형 맞추기 놀이를 할 수 있습니다. 도형을 모두 맞춘 후 같은 색 열쇠로 문을 여는 놀이를 해보세요.,조작(탐색),063-432-3400,2022-12-02
271,IQ EQ 런닝테이블,"본체,놀이판,공구 4개, 도형 3개",유닛키즈,3세이상,"여러가지 동물들의 울음소리와 멜로디 그리고 다양한 효과음, 영어학습&공구놀이&촉감놀이 그리고 책상기능으로도 활용이 가능합니다",통합놀잇감,063-432-3400,2022-12-02
272,클리어리 볼링,"볼링공, 볼링핀 6개",  리틀타익스,3세이상,  유아의 운동능력을 길러주는 운동 완구입니다.   볼링을 처음 시작하는 유아도 쉽고 재미있게 놀이를 즐길 수 있습니다.,신체(승용),063-432-3400,2022-12-02
273,세탁기놀이세트,본체,레드박스,3세이상,세제 넣는 공간이 있고 세탁기 뒷면을 보면 건전지를 넣는 곳과 작동 할 수 있게 하는 스위치가 있습니다. Play버튼을 누르면 세탁기 소리와 함께 드럼통이 자동으로 돌아갑니다.,역할(소꿉),063-432-3400,2022-12-02
274,베이비스포츠센터,"본체, 축구공, 농구공, 볼링공",리틀타익스,9개월이상,아기 스포츠센터는 유아의 소근육발달과 신체놀이에 이상적인 유아완구입니다. 농구공을 골대에 넣어주세요. 아래의 공받이로 공이 굴러 나와 계속 놀이가 가능합니다. 자동으로 숫자가 카운팅되며 효과음과 음악이 흘러나와 유아들의 호기심을 유발 할 수 있습니다.,신체(승용),063-432-3400,2022-12-02
275,뛰뛰빵빵-화물수송기,"본체, 구성품 1개",브이텍,12개월이상, 2대의 자동를 실을 수 있는 화물 수송기입니다. 활주로 램프로 변신하는 놀라운 재주를 가진 제품입니다.,자동차(모형),063-432-3400,2022-12-02
276,뛰뛰빵빵-폴리스카,본체,브이텍,6개월이상,"폴리스카를 끌면 재밌는 소리와 멜로디, 영어문장을 들을 수 있습니다. 감각능력, 언어능력, 인지능력에 도움을 줍니다.",자동차(모형),063-432-3400,2022-12-02
277,뛰뛰빵빵-소방차,본체,브이텍,12개월이상,자동차를 재빨리 또는 천천히 아래로 누르면 재미있는 소리와 문장을 들을 수 있습니다. 눌렀던 손을 떼면 자동차가 앞으로 달려 나갑니다.,자동차(모형),063-432-3400,2022-12-02
278,뛰뛰빵빵크레인건축놀이세트,"크레인 건축세트, 도형 3개, 굴착기",브이텍,12개월이상,공사장의 일꾼이되어 거대한 크레인 타워의 바스켓 리프트를 올리고 내리면서 모양 블록을 건설해봅니다. 도형 분류기 안에 블록을 넣으면서 재미있는 놀이를 할 수 있습니다.,자동차(모형),063-432-3400,2022-12-02
279,뛰뛰빵빵 드라이버-슈퍼트랙,"슈퍼트랙 플레이세트, 레이싱카",브이텍,12개월이상,"만들고 달리며 배우는 창의력 향상 드라이브 러닝기구로, 360도 회전 루프와 나선코스, 램프 등의 세가지 코스를 따라 달리면서 자녀의 언어능력과 운동능력을 발달 시킬 수 있습니다.",자동차(모형),063-432-3400,2022-12-02
280,해저탐험 드럼세트,"본체, 탬버린, 마라카스 2개, 크랩",브라이트스타트,3개월이상,"치링치링 불가사리 탬버린과 양 손에 쥐고 흔들면 경쾌한 소리를 내는 2개의 마라카스, 다양한 클래식 음악과 재미있는 소리를 들려주는 크랩이 들어 있는 음악놀이세트입니다.",음률,063-432-3400,2022-12-02
281,어라운드 음악놀이,본체,브라이트스타트,3개월이상,살짝 터치만 해도 기타와 피아노 드럼 소리를 연주해 내는 신기한 음악놀이친구입니다. 어느 방향에서나 음악놀이를 즐길 수 있으며 즐거운 멜로디에 악기 소리를 추가하며 지휘자처럼 소리를 다룰수 있습니다.,음률,063-432-3400,2022-12-02
282,롤러코스터 씽씽,본체,우드피아,3세이상,"두터운 나무로 받쳐주고 있고, 자연 나무질감이 어린 유아의 정서발달에 큰 도움을 줍니다. 구슬 모양을 보면 동그라미, 세모, 네모 등의 도형을 배웁니다.",조작(탐색),063-432-3400,2022-12-02
283,4단점프 스피드트랙,"본체, 자동차 4개",탑브라이트,18개월이상,스피드를 좋아하는 우리 아이들을 위한 미니 레이싱 트랙입니다. 나무로 된 트랙과 알록달록한 자동차로 신나고 짜릿한 레이싱을 즐겨보세요.,자동차(모형),063-432-3400,2022-12-02
284,거북이 망치놀이,"본체, 망치",탑브라이트,24개월이상,나무 망치를 이용하여 다양한 색상의 막대기를 투닥투닥 두르려 보세요. 우리 아이들의 눈과 손의 협응력 및 힘 조절능력을 길러줍니다.,조작(탐색),063-432-3400,2022-12-02
285,뛰뛰빵빵 퍼즐버스놀이,"본체, 도형블럭 4개",탑브라이트,18개월이상,버스모양의 상자에 다양한 놀이기능이 더해져 아이가 놀이하는 동안 사물의 모양과 색상을 이해하는 인지능력과 사고능력 향상에 도움을 줍니다.,자동차(모형),063-432-3400,2022-12-02
286,숫자학습 미로퍼즐,본체,탑브라이트,24개월이상,무서운 악어를 피해서 구불구불 미로속의 구슬들을 움직여 이동시켜보세요. 자석 막대와 돌림판을 이용하여 더욱 빠르고 재미있게 놀이해요,조작(탐색),063-432-3400,2022-12-02
287,원목컬러도미노 젠가놀이세트,"젠가 52개, 주사위, 캐릭터카드",탑브라이트,3세이상,6가지의 서로 다른 색상과 동물그림의 젠가입니다. 아래층의 블럭을 빼내어 블럭 탑을 쌓아보세요. 탑이 무너지지 않도록 조심조심!,퍼즐(게임),063-432-3400,2022-12-02
288,래프앤런 지구본,본체,피셔프라이스,18개월이상,유아가 성장함에 따라 단계를 조절하며 상상여행을 한단계씩 높여갈 수 있도록 3단계로 구성돼있습니다. 아이와 함께 상상 세계여행을 떠나보세요.,조작(탐색),063-432-3400,2022-12-02
289,아이스크림 카트,"본체, 소품 15개",립프로그,24개월이상,쉽고 재밌는 역할놀이로 우리ㅣ아이 2세부터 똑똑한 영어학습! 20가지 재료와 신기한 매직 스쿠퍼로 알록달록 다양한 맛의 아이스크림을 만들어보세요.,역할(소꿉),063-432-3400,2022-12-02
290,코끼리코 쌓기놀이,"본체, 고리 5개",립프로그,6개월이상,"다섯개의 컬러의 고리를 코끼리코에 쌓으며 재밌게 놀아요. 코끼리 코끝에 라이트업 버튼을 눌러보세요. 모양,숫자,색깔에 대한 노래를 배울 수 있어요.",조작(탐색),063-432-3400,2022-12-02
291,스텝 앤 런,본체,립프로그,12개월이상,강아지 스카우트와 함께 걸어가면서 ABC노래를 따라 불러보세요.Peppy Puppy song을 통해 10까지 숫자를 세어 보세요.,조작(탐색),063-432-3400,2022-12-02
292,뽀로로 빠방 스쿨버스,"버스, 뽀로로친구들 10명",원더키드,3세이상,인형이 타고 내릴 수 있으며 버스를 펼치면 놀이터가 짠하고 나타납니다. 나만의 피규어를 만들어 보세요. 손잡이가 있어 이동이 편리합니다. ,자동차(모형),063-432-3400,2022-12-02
293,변신소방차놀이세트,"본체, 미니카 5대",모터맥스,3세이상,단순히 자동차로만 가지고 노는 제품이 아니고 소방차를 순서대로 펼치면 멋진 소방서로 변신합니다. 소방차안에 있는 부품들을 차례차례 조립해주면 멋진 미니 시티가 완성되어 미니카들을 재미있게 가지고 놀수 있습니다.,자동차(모형),063-432-3400,2022-12-02
294,자동차운반트럭(미니카6종포함),"본체, 미니카 6대",모터맥스,3세이상,미니카를 넣어 보관할 수 있는 운송트럭 세트에요. 운송트럭에는 1:64 스케일의 작은 미니카 40개를 넣어 보관할 수 있어요. 버튼을 누르면 자동차 소리와 함께 헤드라이트에 불빛이 반짝반짝!,자동차(모형),063-432-3400,2022-12-02
295,카페놀이,"커피메이커, 커피잔세트 2개, 도너츠 3개, 접시, 수저, 우유잔, 설탕통",립프로그,24개월이상,"주문버튼을 누르고 고객의 주문을 접수하며 놀이를 통해 아이의 어휘력을 향상시켜주세요. 스팀버튼,온도 다이얼,분쇄기 버튼을 통해 맛있는 커피를 만들어 보세요.",역할(소꿉),063-432-3400,2022-12-02
296,뽀로로 변신 경찰차,"경찰차, 미니카 3종, 피규어 3종, 경찰서, 소품 5종",아이존,3세이상,뽀로로 경찰차로 놀이하고 경찰서로 변신! 신나게 역할놀이에 몰입하면서 사회성과 창의력이 자랄 수 있어요.,자동차(모형),063-432-3400,2022-12-02
297,뽀로로 세계여행이층버스,"이층버스, 나라카드 20종, 이층좌석, 피규어 6종",원더키드,3세이상,뽀로로 친구들과 세계여행가요. 이층좌석이 분리됩니다. 뽀로로친구들을 버스에 직접 태울 수 있어요. 나라별 카드를 직접 교환해요.,자동차(모형),063-432-3400,2022-12-02
298,똑똑한 꼬마버스타요,본체,아이존,12개월이상,"총 3면에 학습기능이 탑제된 다기능 멀티플레이어!! 퍼즐 놀이로 학습할수 있는기능이 있으며,아기의 감각놀이와 소근육 발달에도 도움을 줍니다.",자동차(모형),063-432-3400,2022-12-02
299,또봇V 빅트롤,로봇 2종,영실업,3세이상,"V 인티그레이션! 빅트레일과 트롤의 합체! 자신의 이름이 불리는 걸 좋아한다. 필살기 : 빅토리 해머, 브이 스탬프!",자동차(모형),063-432-3400,2022-12-02
300,카탄보드게임,"지형타일 19개, 항구부지 6개, 자원카드 95장, 발전카드 25장, 마을말 20개, 도시말 16개, 도로말 60개, 특별점수카드 2장, 카드보관함 2장, 주사위 2개, 도둑말 1개, 숫자칩 18장",코리아보드게임,10세이상,"카탄은 땅 위에 도로와 마을, 도시를 건설하며 자원을 얻고, 다른 플레이어들과 필요한 자원을 거래하며, 가장 먼저 10점을 얻는 플레이어가 승리하는 전략게임입니다.",퍼즐(게임),063-432-3400,2022-12-02
301,다이슨 코드프리 장난감 청소기,본체,캐스돈,3세이상,실제 다이슨 청소기의 디자인과 작동방법까지 그대로 재현한 장난감 청소기입니다. 작동시 진공청소기와 동일한 소리가 나옵니다. 회오리 형태로 스티로폼 조각들이 휘날리며 시각적인 재미가 배가 됩니다.,역할(소꿉),063-432-3400,2022-12-02
302,말하는 에듀기차 띠띠뽀,"본체, 무전기, 도형블록 4개",아이코닉스,3세이상,"50여가지 다양한 멘트와 함께 12가지 즐거운 놀이를 즐길 수 있는 에듀기차 띠띠뽀. 신나는 동요와 다양한 소리, 불빛과 함께 소근육발달, 감각발달, 언어인지 발달에 도움을 줍니다.",자동차(모형),063-432-3400,2022-12-02
303,엄마까투리까투리버스,"까투리버스, 피규어 4개",잼버스코리아,3세이상,버스 뒷부분 5가지 버튼을 눌러 다양한 동요와 효과음을 즐길 수 있어요. 애벌레를 돌려 버스 천장을 올리면 엄마까투리 피규어와 함께 미끄럼틀 놀이를 할 수 있어요.,자동차(모형),063-432-3400,2022-12-02
304,뽀로로 점보 비행기,본체,코니스,4세이상,"30곡의 동요멜로디와 뽀로로 주제가, 친구들의 귀여운 멘트. 반짝이는 램프, 실감나는 이륙음 등 다양한 기능으로 아이들에게  흥미와 재미를 느끼게 해줍니다.",자동차(모형),063-432-3400,2022-12-02
305,로얄베이비 플라잉베어 16 (빨강),본체,로얄베이비,6세이상,"안장 완충장치로 충격방지. 앞바퀴 완충장치로 중격방지. 신형 V브리에크 시스템으로 부드러운 제동. 소프트 가죽, 어린이 엉덩이에 적합한 안장. 일반 타이어 보다 2.4인치 두껍고, 10배 더 오래사용, 접지력이 좋아 제동거리가 뛰어남.",신체(승용),063-432-3400,2022-12-02
306,터널과종합놀이터,본체,스텝2,18개월이상,"오르고, 미끄럼타고, 숨바꼭질하고, 역할놀이도 하고, 접이식 테이블 ,의자, 메모판, 시계, 소리나는 전화기가 있고 조종할 수 있는 핸들과 망원경이 있어 지루할 틈이 없습니다.",신체(승용),063-432-3400,2022-12-02
307,큰놀이집,본체,스텝2,18개월이상,"연령이나 키에 큰 지장없이 재미있게 놀이를 즐길 수 있으며, 두개의 창과 우뚝 솟아오른 지붕, 천장으로 난 채광창 등이 만들어 내는 클래식 스타일이 돋보입니다.",신체(승용),063-432-3400,2022-12-02
308,뽀로로 렛츠고 캠핑카,"캠핑카, 아이스박스, 냉장고, 트레일러, 쇼파, 피규어 6종, 파라솔, 화장실, 해먹, 의자2종, 회전테이블, 자전거, 씽크대, 화로대, 캠핑의자 2종",원더키드,3세이상,캠핑카 안에서 도란도란 재미있게 놀아요. 자전거 걸고 출발. 자전거를 타고 슝슝. 이층침대에서 잠이 솔솔. 끄응! 화장실도 있어요. 트레일러와 연결이 됩니다.,자동차(모형),063-432-3400,2022-12-02
309,헬로카봇 마이티가드,"헬프, 레디, 큐어, 가드, 래더건, 메가소드, 부스터",영실업,3세이상,"레디, 헬프, 큐어, 가드가 다 함께 합체한 카봇. 존댓말을 쓰며 해결책을 제시하는 소방 헬리콥터 헬프, 자신만만하지만 허풍이 좀 심한 소방 지휘차 레디, 신중하다 못해 약간 부정적인 소방 구급차 큐어, 불을 끄는 것을 제일 좋아하는 소방차 가드. 넷이 모여 최강의 구조대 카봇 ‘마이티 가드’로 합체한다.",자동차(모형),063-432-3400,2022-12-02
310,헬로카봇 아이언트,"아이언트, 카봇크루 6대, 아이언트 무기, 카봇크롯장비 6대, 투명파츠런너 2개",영실업,3세이상,카리스마 있는 엔지니어 카봇. 철두철미하면서도 상대를 배려하는 따뜻한 성격. 트럭 형태일 때는 차 안에 수리 전문 로봇 ‘카봇 크루 엔지니어팀’을 태우고 다니며 총지휘한다. 특기는 잠시 동안의 시간 정지능력 ‘타임아웃’!,자동차(모형),063-432-3400,2022-12-02
311,핑크퐁 피아노 버스,"본체, 인형 4개, 소품 3개",미미월드,3세이상,피아노가 있는 핑크퐁 버스 출발. 핑크퐁 노래도 듣고 영어 숫자 공부도 OK. 세가지 모드로 다양하게 놀수 있어요.,자동차(모형),063-432-3400,2022-12-02
312,시크릿 에메랄드 기타,"본체, 마이크",영실업,3세이상,"에메랄드 기타로 연주하고 게임하고 마이크로 노래하고 녹음도 해요. 탈 부착이 가능하고 길이가 조절되는 어깨끈, 기타에 장착하면 시크릿사운드가 나오고 음성변조와 에코, 녹음이 가능한 마이크가 있습니다.",음률,063-432-3400,2022-12-02
313,뽀로로 병원놀이차,"병원놀이차, 청진기, 주사기, 약통",미미월드,3세이상,"불빛이 깜빡깜빡 빛나며 싸이렌 소리 말하느 소리, 뽀로로 주제가 등이 나와요.  뒷문을 열어 청진기, 주시기, 약ㅌㅇ 등 수납이 가능해요.",역할(소꿉),063-432-3400,2022-12-02
314,브라이텍스 카시트,본체,브라이텍스,9kg이상 25kg이하,2가지로 변형이 가능하여 빠르게 성장하는 1~8세 아이들 체형에 맞출수 있어 편안한 탑승이 가능합니다. 넓고 깊은 헤드레스트로 아이의 머리를 감싸주어 사고시 외부 충격으로 부터 완벽하게 보호해줍니다.,신체(승용),063-432-3400,2022-12-02
315,인펀트 투 토들러 락커,본체,피셔프라이스,0개월이상,"신개념 올뉴 인펀트 투 토들러 락커입니다. 더욱더 높아진 퀼리티와 초경량으로 만들어진 고급형으로 진화된 편안하고 모던한 제품입니다.최대수용무게 18kg, 세탁이 가능한 탈부착시트,탈부착이 가능한 토이바로 구성되어 있습니다.",신체(승용),063-432-3400,2022-12-02
316,콩순이 팝콘가게,"팝콘본체, 티켓머신, 팝콘통 3개, 영화티켓 4장, 팝콘박스 4개",영실업,3세이상,"팝콘을 만들고 영화를 추천받는 놀이로 구성되며, 아이들이 영화관에서 느꼈던 호기심을 이끌어 냅니다. 아이만의 영화관에서 다양한 놀이를 즐기며 탐구 논리 능력을 키우는 시간을 선물하세요.",역할(소꿉),063-432-3400,2022-12-02
317,콩순이 목욕놀이 세탁기,"세탁기, 빨래 바구니, 다리미, 옷 4개",영실업,3세이상,"엄마를 따라하려는 모방심리를 충족시켜 줍니다. 엄마가 집에서 세탁기에 옷을 넣어 빨래하는 모습, 빨래를 건조대에 너는 모습, 다림질하는 모습, 이모든 것이 아이에게는 즐거운 놀이입니다. 불에가까이 두지 마십시오.어린이가 부품을 삼키지 않도록 주의하십시오.부모님의 보호하에 사용하십시오",역할(소꿉),063-432-3400,2022-12-02
318,콩순이 피자 가게,"본체, 핫소스, 토마토소스누름틀, 토핑누름틀, 3가지 토핑틀, 피자도우 2개, 쟁반, 밀대, 클레이 4개",영실업,3세이상,"직접 토마토 소스를 쾅쾅 찍어 올리고, 맛있는 토핑을 골고루 얹으면 나만의 피자완성. 클레이로 토핑을 조물조물 만드는 과정은 아이의 소근육 발달에 도움을 줍니다.",역할(소꿉),063-432-3400,2022-12-02
319,콩순이 푸드 코트,"만두, 짜장면, 오므라이스, 스테이크, 김밥, 카드, 입간판, 쟁반, 알림벨, 집게, 계산대, 푸드코트",영실업,3세이상,푸드코트에서 부모님이 대신해주었던 행동들을 아이가 스스로 해볼 수 있는 시간을 주세요. 어떤 음식을 먹을지를 스스로 선택하고 결제하는 소꿉놀이는 아이가 일상에서 만나는 다양한 상황에서 겁먹지 않고 주체적으로 행동하는 데 도움이 될 것입니다.,역할(소꿉),063-432-3400,2022-12-02
320,콩순이 아이스크림 가게,"아이스크림머신, 냉동실, 진열대, 캡슐 4개, 콘 3개, 토핑 3개, 소프트크림",영실업,3세이상,"콩순이와 아이스크림을 만들어 보세요. 캡슐을 아이스크림 머신에 넣고, 손잡이를 내려 다양한 색상의 아이스크림 만들기 체험을 할 수 있습니다.",역할(소꿉),063-432-3400,2022-12-02
321,콩순이 말하는 에듀 청소기,"본체, 청소칩 5개",영실업,3세이상,"집안 곳곳에 청소 칩을 던져놓고, 하나씩 청소해 보아요. 색깔, 숫자놀이와 관련된 퀴즈 정답을 맞추면서, 재미있게 배워봐요.",역할(소꿉),063-432-3400,2022-12-02
322,핑크퐁 상어가족 멜로디 패드 아기상어,"멜로디패드, 가사집",스마트스터디,3세이상,누적 조회수 30억 뷰의 글로벌 스타! 상어 가족과 함께하는 핑크퐁 최신 인기 동요 16곡! 반짝이는 라이팅과 재미있는 효과음으로 흥 부자가 되어 신나게 놀아요.,조작(탐색),063-432-3400,2022-12-02
323,핑크퐁 한글버스,"한글버스, 그림책",스마트스터디,3세이상,"가~하, 자음 버튼과 아~이, 모음 버튼이 버스 모양의 완구에 가득 있어요. 6 가지의 모드로 기본 글자, 낱말, 글자 퀴즈, 단어 퀴즈, 말놀이 노래, 빛놀이 게임 등 자연스럽게 어휘가 발달할 수 있게 다양한 놀이로 설계 되어 있어요. ",조작(탐색),063-432-3400,2022-12-02
324,수납차 빠방이 자동차 장난감정리함,"큰 수납장차, 작은자동차 8대",아지니뽀,3세이상,귀여운 수납차 세트에요 실제로 보면 너무 귀여워요! 자동차8대가 랜덤으로 배송되구요 큰 수납장 자동차도 바퀴가 달려잇어 움직인답니다 작은차는 뒤로 밀었다가 손 떼는 순간 앞으로 쭉~~,자동차(모형),063-432-3400,2022-12-02
325,오볼 롤 트레인 파크,본체,오볼,18개월이상,"아이들이 직접 레일을 깔고 모양을 변형시키며 창조적으로 놀이를 이끌어가 가도록 도와주는 장난감입니다. 배터리를 사용하지 않는 기차는 아이가 스스로 움직이고, 밀고 당기면서 놀이를 주도하도록 도와줍니다.",자동차(모형),063-432-3400,2022-12-02
326,리틀타익스 클리어리 야구,"야구방방이, 베이스겸 받침대, 야구공 3개, T볼 지지대",리틀타익스,2세이상,처음 야구를 접해보는 유아들을 위한 T볼 지지대가 있습니다. 공을 위에 올려놓고 놀이하여 주세요. 방망이 안쪽 투명한 부분에 놀이 후 공을 수납할 수 있어 정리가 편리합니다. ,신체(승용),063-432-3400,2022-12-02
327,뽀로로 숲속 놀이터,"본체, 피규어 6개, 나무관람차, 열쇠, 그네, 열매의자 3개, 사다리, 미끄럼틀, 마차, 말, 버섯, 엘레베이터 의자, 통나무",원더키드,3세이상,뽀로로 친구들과 숲속놀이터에서 신나게 놀아요. 열쇠를 돌리면 뾰로롱 나무집이 열려요. 누르고 닫으면 놀이터가 샤샤샥 닫혀요. 회전테이블이 빙글빙글 마차타고 놀아요.,역할(소꿉),063-432-3400,2022-12-02
328,리틀피플인형의집2,"본체, 침대, 인형 3개, 개사발, 의자 2개",피셔프라이스,12개월이상,"어른 세상의 경험을 직접 체험하고 놀이하며 큰 세상에 대해 즐기고 상상 할 수 있도록 도와줍니다. 50가지의 소리 및 노래와 조명 및 화장실, 주방 용품 등이 행복한 집안에 쏘옥 채워져 있습니다.",역할(소꿉),063-432-3400,2022-12-02
329,전기스토브세트,"스토브, 팬, 냄비, 음식소품등",레드박스,3세이상,고정이 쉬운 받침대가 있어 안정적으로 놀이를 할수 있습니다. 각각의 도구를 직접 사용해보며 아이들은 다양한 도구의 원리와 활용법을 익히게 됩니다.,역할(소꿉),063-432-3400,2022-12-02
330,뽀로로 빙글빙글 춤추는 노래방,"본체, 마이크, 캐릭터 5개",주영아이,3세이상,신나고 재미있는 뽀로로 친구들 춤추는 노래방!부드러운 음악이 아기의 두뇌를 자극하여 편안한 멜로디와 불빛으로 지능발달이 됩니다. 빙글빙글 회전하면서 방향감각도 익히고 동요반주와 함께 건반도 치고 마이크로 노래도 부릅니다.,음률,063-432-3400,2022-12-02
331,뛰뛰빵빵 베이비 운전놀이,본체,브이텍,3개월이상,"밝은 색상의 역할놀이 완구이며, 운전대와 기어, 깜박이, 열쇠 등으로 구성되었습니다. 현실감 넘치고 재미있는 효과음과 영어 문장을 들려줍니다.",조작(탐색),063-432-3400,2022-12-02
332,숲속나무 모양 분류 놀이,"숲속나무, 모양블록 6개",러닝리소스,2세이상,"커다란 숲속 나무에는 꽃과 열매, 나뭇잎도 달려 있구요. 숲의 조각사 딱따구리와 귀여운 다람쥐 친구도 살고 있어요. 큼지막한 블록들을 나무에 있는 구멍의 모양에 맞춰 쏙쏙 넣으면 아래의 나무 동치로 뺄 수 있습니다.",조작(탐색),063-432-3400,2022-12-02
333,베이비 토이 5종세트,"멜로디링쌓기, 스핀회전목마, 스피드달팽이 3개, 돼지오뚝이, 해피전화기",코레샵,2세이상,링을 끼우거나 빼면 불빛과 함께 효과음이 나오는 링쌓기입니다. 펀치를 누르면 안에 공들이 빙글빙글 돌아가는 스피너입니다. 달팽이의 등껍질을 누르며 빠른 속도로 달려가는 달팽이입니다. 좌우로 움직이며 재미있는 소리가 나는 돼지오뚝이입니다. 재미있는 사운드와 불빛이 반짝이는 전화기입니다.,조작(탐색),063-432-3400,2022-12-02
334,에듀플러스,본체,코니스,2세이상,"7개의 면에 아이의 지능계발, 감각발달을 돠와주는 콘텐츠가 가득 채워져있는 완구입니다. IQ+EQ 에듀플러스는 아이들의 흥미를 이끄는 다양한 교육적인 놀이들로 채워져 있어 아이 혼자서도 질리지 않고 재미있게 놀이와 학습을 동시에 할 수 있는 교육 완구 입니다. ",조작(탐색),063-432-3400,2022-12-02
335,브라키오사우루스 포크레인,본체,러닝리소스,3세이상,건전기가 필요없는 손조작 완구이며 아이들이 상상하는 모든것을 무너뜨릴 준비가 된 공룡장난감입니다. 모래 위에서 조정이 가능하며 포크레인이 지나간 자리에서 공룡발자국을 관찰할 수 있습니다.,자동차(모형),063-432-3400,2022-12-02
336,ATM 놀이,"ATM기계, 달러모형, ATM카드",러닝리소스,5세이상,아이들의 ATM 놀이로 저금과 인출을 해보면서 동전과 지폐를 구분하고 달러의 개념을 정립 할 수 있습니다.,역할(소꿉),063-432-3400,2022-12-02
337,로보카폴리 내비게이션이있는 폴리운전놀이,"본체, 의자",원앤원,6세이상,"폴리와 함께 실감나는 운전 놀이를 할 수 있는 완구로 움직이는 네이게이션, 브레이크와 액셀레이터 기능에 조절가능한 사이드 미러와 실감 나는 효과음으로 재미있게 운전 놀이를 할 수 있습니다.",신체(승용),063-432-3400,2022-12-02
338,모양 맞추기 티 세트,"본체, 찻잔 5개, 받침 5개",러닝리소스,24개월이상,"5가지의 모양을 매칭할 수 있는 찻잔 세트와 주전자로 구성되어 아이들의 역할놀이뿐만 아니라도형과 숫자, 색깔인지 학습을 놀이를 통해 체험할 수 있습니다. 커다란 찻 주전자 안에 5개의 찻잔 세트를 모두 넣어 깔끔하게 정리도 할수  있어 아이들의 정리 습관도 기를 수 있습니다.",조작(탐색),063-432-3400,2022-12-02
339,숲속친구들 아기체육관,본체,리틀타익스,0개월이상,아치를 따라 움직이는 새 인형을 눈으로 따라가며 아기가 고개를 돌리며 목 근육 및 시력을 발달 시킬 수 있습니다. 부드러운 진동 매트와 자연의 소리가 아기를 진정시키고 마음을 편안하게 해줍니다.,신체(승용),063-432-3400,2022-12-02
340,프린세스테일즈 모빌 한글판테일즈,"본체, 흑백모빌, 거치대, 어댑터",타이니러브,0개월이상,"영아의 시각발달과 호기심자극 안정감을 주며, 40분간 지속되는 여러 가지 클래식 뮤직과 뮤직박스 기능이 있습니다. 은은한 라이트와 멜로디 기능이 있어 밤에는 은은한 조명으로 사용이 가능하며, 수유시에도 편리합니다.",조작(탐색),063-432-3400,2022-12-02
341,3in1 자동차 보행기,본체,아이엠베이비,10개월이상,"귀여운 모양의 비행기 조종대와 비행기 날개, 컴팩트 폴딩으로 간편한 보관, 3단계로 높이 조절이 가능하고, 재밌는 멜로디 트레이와 비행기 조종 놀이를 할 수 있습니다.",신체(승용),063-432-3400,2022-12-02
342,전동드릴 공구놀이 세트,"본체, 드릴, 망치, 스패너, 나사 2개, 못 2개, 카드 2개, 트레이",브이텍,24개월이상,아빠가 집에서 사용하는 공구상자와 유사한 형태의 공구상자 완구로 공구를 이용하여 망치질을 하고 전동드릴으로 나사를 조이는 등 재미있는 역할놀이를 할 수 있습니다.,역할(소꿉),063-432-3400,2022-12-02
343,뽀로로 멜로디 안전그네,"본체, 그네봉",지나월드,13개월이상,유아의 성장에 따라 3단계로 안전하게 사용할 수 있어요. 뽀로로 주제가 연주기능. 하트버튼에 불빛이 반짝반짝. 뽀로로와 함께 즐겁게 그네를 타요.,신체(승용),063-432-3400,2022-12-02
344,빅에듀큐브,"본체, 양면블럭 10pcs, 블록 23pcs",하베브릭스,12개월이상,"다양하게 호기심을 자극하는 놀이로 깨우쳐요. 의성어, 의태어는 물론 한글과 영어까지 놀다보면 언어를 마스터해요. 쌓고 무너뜨리며 다양한 조합의 블록놀이를 통해 창의력을 쌓아요. 좌뇌/우뇌의 고른 발달을 도와줘요.",조작(탐색),063-432-3400,2022-12-02
345,손대면 물 나오는 세면대 놀이,"본체, 칫솔, 드라이기, 치약, 빗, 핸드워시, 물컵, 시계",하베브릭스,3세이상,"손을 대면 자동으로 물이 졸졸졸. 손씻기도 재밌게 쓱싹쓱싹. 저절로 손이 가요. 씻기와 친해 지도록 이야기 해주고, 자연스럽게 놀면서 일상생활을 알게돼요.",역할(소꿉),063-432-3400,2022-12-02
346,말랑말랑 재미있는 미용놀이,10pcs,우드피아,3세이상,말랑말랑 부드러운 미용놀이로 재미있는 역할놀이를 해봐요. 로션으로 촉촉하게 매니큐어로 반짝반짝.,역할(소꿉),063-432-3400,2022-12-02
347,콩순이 스쿨버스,"스쿨버스, 피규어 3개, 카드 7개, 교통표지판 3개, 보관함",영실업,3세이상,"콩순이 스쿨버스는 콩콩이, 세요 피규어와 함께 탈 수 있고, 버스를 펼쳐 타고 내리는 역할 놀이를 할 수 있는 완구입니다.",역할(소꿉),063-432-3400,2022-12-02
348,클래식 러닝홈,"본체, 편지 3개, 도형블록 4개, 공 3개, 열쇠", 피셔프라이스,6개월이상 ,국민대문 러닝홈 피셔프라이스입니다. 6개월부터 36개월까지 아기가 성장함에 따라 학습 컨텐츠를 자동/수동으로 변경할 수 있어 제품 하나로 우리 아기의 성장단계에 알맞은 적기교육이 가능해집니다. ,신체(승용),063-432-3400,2022-12-02
349,뛰뛰빵빵 디럭스 주차장놀이,"주차장놀이세트, 견인차 1대",브이텍,12개월이상 ,"귀여운 견인차와 함께 주차장을 돌아다니며, 역할놀이를 할수 있습니다.",자동차(모형),063-432-3400,2022-12-02
350,출발 신나는 세계여행,본체,브이텍,3세이상,조이스틱을 이용하여 비행기를 타고 지구본의 전세계 여러나라를 탐험하며 학습할 수 있는 멀티 학습완구입니다.,조작(탐색),063-432-3400,2022-12-02
351,공주의 궁전놀이세트,10pcs,레드박스,3세이상,"공주의 궁전놀이세트는 옛날이야기 속에 나오는 공주이야기를 연사케 해요. 궁전, 의자, 말, 마차 등 알록달록 알찬 구성품으로 되어 있어요. 꽃모양 벨을 누를때마다 3가지 노래가 나와요.",조작(탐색),063-432-3400,2022-12-02
352,콩순이 주방놀이세트,주방놀이본체 외 23종,영실업,3세이상,오늘은 내가 요리사! 어떤 음식을 만들지 칠판에 메뉴를 그려요. 칼로 통통 탁탁탁 썰고 냄비에 부글보글 후라이팬에 지글지글 요리해요. 다양한 재료로 맛있는 음식을 척척만들어내는 곳인 부엌은 아이들에게 흥미로운 공간이여요.,역할(소꿉),063-432-3400,2022-12-02
353,핑크 스윗홈,"원목집, 거실가구, 욕실가구, 침실가구, 원목인형",투키토이,3세이상,"원목으로 만들어진 가구, 인형, 집으로 구성된핑크 스윗홈입니다. 창문, 1층과 다락방이 있고 문을 열고 지붕을 뒤집으면 마당이 생겨요.  다양한 가구들이 있어 원하는 곳에 가구를 배치할 수 있습니다. 왕관을 쓴 공주님도 만날 수 있습니다.",역할(소꿉),063-432-3400,2022-12-02
354,뽀로로 변신 구급차,"변신구급차, 미니카 2종, 피규어 2개, 스트레쳐카, 부속품 3개",아이존,3세이상,뽀로로 구급차로 놀이하고 구급본부로 변신! 신나게 역할놀이에 몰입하면서 사회성과 창의력이 자랄 수 있어요.,자동차(모형),063-432-3400,2022-12-02
355,출동슈퍼윙스 시즌4 바다탐험해리세트,"해리, 만능집게, 만능그물, 불가사리, 돌고래",알파그룹,3세이상,"수륙양용! 라이트닝&사운드! 움직이는 물안경! 움직이는 핸들! 만능 발사장치! 대소근육발달, 공간인지능력, 기본생활습관 등 발달시킬 수 있어요",자동차(모형),063-432-3400,2022-12-02
356,타요 학교 플레이 세트,"학교플레이세트, 미니카 1대",아이코닉스,3세이상,"가방을 열면 다양한 놀이요소와 함께 미니카 보관이 가능한 플레이 세트입니다. 주유놀이와 함께 레일이 이동하는 타요 정비실이 가능한 타요 교실, 운동회가 가능한 운동장 놀이판이 있습니다.",역할(소꿉),063-432-3400,2022-12-02
357,댄싱로봇 빗보,본체,피셔프라이스,9개월이상,즐거운 노래에 맞춰 빗보가 얼굴과 몸을 흔들며 북돋우면 아기도 덩달아 신이나서 춤을 추고 노래하게 됩니다. 빗보와 함께 영어공부와 게임도 하고 아기만의 노래를 만들어 부를 수 있습니다.불에가까이 두지 마십시오.어린이가 부품을 삼키지 않도록 주의하십시오.부모님의 보호하에 사용하십시오,음률,063-432-3400,2022-12-02
358,아기와 놀아 주는 꼬꼬맘,꼬꼬맘 외 2종 ,블루래빗,12개월이상," 아기와 함께 음악에 맞추어 빙글빙글 춤을 춰요. 날개를 파닥파닥, 꽁무니를 위아래 흔들흔들! 즐거운 음악에 맞추어 신나게 춤추는 꼬꼬맘은 아기에게 호기심과 즐거움을 선물합니다. ",조작(탐색),063-432-3400,2022-12-02
359,펜타스톰X 최강5대합체,"로봇 5대, 무기 5개, 미사일런처 2개, 방패 1개, 큐브팩 6개",초이락,3세이상,"스톰X, 프론폴리스, 스카이S.W.A.T, 댄디엠블런스, 에이스레스큐, 5대의 로봇이 합체하여 거대로봇 펜타스톰으로 변신하는 로봇 완구입니다.",조작(탐색),063-432-3400,2022-12-02
360,또봇V 천하대장군,"천하대장군본체, 또키, 검, 방패 ",영실업,3세이상,변신 합체 할수 있는 로봇 완구 입니다. 로봇으로 변신하고 비클로도 변신 할 수 있습니다. 동물형 또키 2가지 모드로도 변신 합체 합니다. 검과 방패로 태앙을 지키는 충직한 무사 천하대장군 로봇입니다.,조작(탐색),063-432-3400,2022-12-02
361,쥬라기공원 공룡놀이세트21P,21pcs,레드박스,3세이상,"쥬라기 공원 공룡놀이세트는 21개의 구성품이 들어 있습니다. 세뿔 트리케라툽스, 티라노사우루스는 건전지로 작동되고, 세뿔 트리케라툽스 태엽을 돌리면 눈과 뿔에 불빛이 나며 동시에 리얼 실감나는 울음소리와 머리와 다리도 움직여 실감나는 공룡이 걸어가는 모습 또한 볼 수 있습니다.",역할(소꿉),063-432-3400,2022-12-02
362,피크닉 바구니,바구니본체 외15종,립프로그,6개월이상 ,"즐거운 소풍놀이 장난감, 피크닉 바구니 입니다. 피크닉 바구니와 함께 음식 모형을 매치하며 음식 이름과 도형, 색깔에 대한 다양한 어휘를 배울 수 있습니다.",역할(소꿉),063-432-3400,2022-12-02
363,핑크퐁 아기상어 양치놀이,본체 외 6종,오로라,3세이상,아기상어의 충치를 치료해 주세요. 양치송을 따라 치카치카 양치질을 해봐요. 칫솔을 앞니에 대면 아기상어가 말을 해요. ,역할(소꿉),063-432-3400,2022-12-02
364,립스토리(한영이야기),본체,립프로그,3세이상,"천장에서 움직이는 스카우트를 보면서 이야기를 들어보세요. 가장 좋아하는 이야기를 엄마아빠의 목소리로 들을 수 있어요. 다양한 이야기와 노래를 한국어로 한번, 영어로 한번 들으며 습득하고 이해력과 어휘력을 쑥쑥 키울 수 있어요.",조작(탐색),063-432-3400,2022-12-02
365,뛰뛰빵빵 코리의 모험 홈스테이 플레이세트,"본체, 코리미니카, 크리시미니카, 엄마미니카, 쇼파, 카페트",브이텍,12개월이상,"코리와 크리시 그리고 엄마와 코리의 2층 집으로 구성된 플레이세트입니다. 피규어 미니카와 플레이 세트로 신나고 재미있는 역할놀이를 즐겨보세요. 노란색 지붕의 코리의 하우스입니다. 코리와 크리시, 엄마와 함께 코리의 집에서 즐거운 하루를 보내봐요.",자동차(모형),063-432-3400,2022-12-02
366,퍼스트 오븐,"본체, 오븐팬, 후라이팬, 뒤집개, 디쉬타올, 베이컨, 스테이크, 계란후라이, 초코칩쿠키 4개",리틀타익스,3세이상,오븐의 도어를 열면 오븐 표시등이 켜지고 선반을 분리할 수 있어요. 지글지글 맛있는 베이컨요리와 스테이크를 구워보세요. 스토브 레버를 돌리면 보글보글 물 끓는 소리와 지글지글 맛있게 익어가는 소리가 나와요.,역할(소꿉),063-432-3400,2022-12-02
367,어린이 장난감 7종 세트,리빙홈 7종,키즈토이,3세이상,"아이들이 일상에서 위험해서 경험하지 못하는 가전을 체험시켜 주세요. 청소기, 믹서기, 다리미, 드럼세탁기, 전자렌지, 커피메이커, 반죽기 총7종 세트로 구성되어 있습니다.",역할(소꿉),063-432-3400,2022-12-02
368,러닝 푸드 트럭,본체 외 23종,피셔프라이스,18개월이상,"푸드트럭에는 아기들이 재미있게 상호작용하며 놀이할 수 잇는 대화형 놀이들이 가득 합니다. 스마트 스테이지가 있어 각 스테이지마다 다양하고 재미있는 사운드가 나옵니다. 아이가 푸드트럭의 다양한 문장, 노래들을 하면서 일상 속 단어들을 함께 배울 수 있습니다.",역할(소꿉),063-432-3400,2022-12-02
369,소프트스카이키친종합세트,총 35종,소프트스카이,3세이상,"기존에 나와있는 말랑 소꿉놀이 제품보다 높은 퀄리티의 품질과 다양한 종류, 아름다운 색상으로 만들어져 아이들에게 더욱 좋습니다.",역할(소꿉),063-432-3400,2022-12-02
370,엉뚱발랄 콩순이 알록달록 카페놀이,"본체, 컵 2개, 캡슐 4개",영실업,3세이상,"아이들에게 직관적이고 쉬운 방벙으로 다양한 색상의 음료를 체험할 수 있도록 해주며, 단순히 소꿉놀이가 아니, 여러 색상의 음료에 대한 학습을 경험 할 수 있습니다.",역할(소꿉),063-432-3400,2022-12-02
371,럭키펀치,"럭키펀치 1개, 무기 2개",손오공,3세이상,"한대의 자동차가 두대의 로봇으로 변하고, 두대의 로봇이 합체하여 더 큰 로봇이 됩니다. ",로봇완구,063-432-3400,2022-12-02
372,터닝메카드W - 네오 레드,"네오 1대, 카드 6장",손오공,6세이상,트레일러 자동차가 점보 메카니멀로 순간변신! 팝업된 메카니멀의 속성과 카드의 해당 속성 파위를 읽어 파워업 배틀! 카드를 향해 터닝카를 슈팅하면 카드를 잡고 순간변신을 합니다. 속성에 따라 점수를 확인하세요.,자동차(모형),063-432-3400,2022-12-02
373,터닝메카드W - 카울 블루,"카울 1대, 카드 3장",손오공,6세이상,예리한 저격수 카울 자동차에서 부엉이로 변신!팝업된 메카니멀의 속성과 카드의 해당 속성 파위를 읽어 파워업 배틀! 카드를 향해 터닝카를 슈팅하면 카드를 잡고 순간변신을 합니다. 속성에 따라 점수를 확인하세요.,자동차(모형),063-432-3400,2022-12-02
374,터닝메카드W - 게리온 블랙,"게리온 1대, 카드 3장",손오공,6세이상,세개의 머리 게리온! 팝업된 메카니멀의 속성과 카드의 해당 속성 파위를 읽어 파워업 배틀! 카드를 향해 터닝카를 슈팅하면 카드를 잡고 순간변신을 합니다. 속성에 따라 점수를 확인하세요.,자동차(모형),063-432-3400,2022-12-02
375,터닝메카드W - 엑스 바이올렛,"엑스 1대, 카드 6장",손오공,6세이상,트레일러 자동차가 점보 메카니멀로 순간변신! 장난스런 악동 엑스입니다. 팝업된 메카니멀의 속성과 카드의 해당 속성 파위를 읽어 파워업 배틀! 카드를 향해 터닝카를 슈팅하면 카드를 잡고 순간변신을 합니다. 속성에 따라 점수를 확인하세요.,자동차(모형),063-432-3400,2022-12-02
376,터닝메카드W - 바벨 그레이,"바벨 1대, 카드 3장",손오공,6세이상,자동차에서 토템로봇으로 변신! 파괴의 화신 바벨입니다. 팝업된 메카니멀의 속성과 카드의 해당 속성 파위를 읽어 파워업 배틀! 카드를 향해 터닝카를 슈팅하면 카드를 잡고 순간변신을 합니다. 속성에 따라 점수를 확인하세요.,자동차(모형),063-432-3400,2022-12-02
377,터닝메카드W - 에반 블루 ,"에반 1개, 카드 3장",손오공,6세이상,자동차에서 영웅로봇으로 변신! 메카니멀의 영웅 에반입니다. 팝업된 메카니멀의 속성과 카드의 해당 속성 파위를 읽어 파워업 배틀! 카드를 향해 터닝카를 슈팅하면 카드를 잡고 순간변신을 합니다. 속성에 따라 점수를 확인하세요.,자동차(모형),063-432-3400,2022-12-02
378,터닝메카드W - 요타 블루,"요타 1대, 카드 6장",손오공,6세이상,자동차에서 점보 그리핀으로 변신! 날카로운 공격 요타입니다. 팝업된 메카니멀의 속성과 카드의 해당 속성 파위를 읽어 파워업 배틀! 카드를 향해 터닝카를 슈팅하면 카드를 잡고 순간변신을 합니다. 속성에 따라 점수를 확인하세요.,자동차(모형),063-432-3400,2022-12-02
379,터닝메카드W - 스핑크스 토킹카,본체,손오공,6세이상,터닝카가 진짜처럼 말을 하고 불빛을 번쩍이며 차체를 들썩인다! 팝업된 메카니멀의 속성과 카드의 해당 속성 파위를 읽어 파워업 배틀! 카드를 향해 터닝카를 슈팅하면 카드를 잡고 순간변신을 합니다. 속성에 따라 점수를 확인하세요.,자동차(모형),063-432-3400,2022-12-02
380,터닝메카드W - 그리폰 토킹카,본체,손오공,6세이상,터닝카가 진짜처럼 말을 하고 불빛을 번쩍이며 차체를 들썩인다! 팝업된 메카니멀의 속성과 카드의 해당 속성 파위를 읽어 파워업 배틀! 카드를 향해 터닝카를 슈팅하면 카드를 잡고 순간변신을 합니다. 속성에 따라 점수를 확인하세요.,자동차(모형),063-432-3400,2022-12-02
381,터닝메카드W - 데스퍼 블랙,"데스퍼 1대, 카드 3장",손오공,6세이상,자동차에서 드레이크으로 변신! 팝업된 메카니멀의 속성과 카드의 해당 속성 파위를 읽어 파워업 배틀! 카드를 향해 터닝카를 슈팅하면 카드를 잡고 순간변신을 합니다. 속성에 따라 점수를 확인하세요.,자동차(모형),063-432-3400,2022-12-02
382,터닝메카드 - 안드로매지션 바이올렛,"안드로메지션 1대, 카드 2장",손오공,6세이상,자동차에서 마법로봇으로 변신! 신비한 주술사 안드로매지션입니다. 팝업된 메카니멀의 속성과 카드의 해당 속성 파위를 읽어 파워업 배틀! 카드를 향해 터닝카를 슈팅하면 카드를 잡고 순간변신을 합니다. 속성에 따라 점수를 확인하세요.,자동차(모형),063-432-3400,2022-12-02
383,메가테릭스 - 터닝메카드,본체,손오공,6세이상,터닝카가 메가테릭스를 통과하면 로봇모드로 순간변신합니다. 팝업된 메카니멀의 속성과 카드의 해당 속성 파위를 읽어 파워업 배틀! 카드를 향해 터닝카를 슈팅하면 카드를 잡고 순간변신을 합니다. 속성에 따라 점수를 확인하세요.,자동차(모형),063-432-3400,2022-12-02
384,터닝메카드 - 타나토스 퍼플 ,"타나토스 1개, 카드 3장",손오공,6세이상,자동차에서 해골로봇으로 변신! 죽음의 파괴자 타나토스입니다.팝업된 메카니멀의 속성과 카드의 해당 속성 파위를 읽어 파워업 배틀! 카드를 향해 터닝카를 슈팅하면 카드를 잡고 순간변신을 합니다. 속성에 따라 점수를 확인하세요.,자동차(모형),063-432-3400,2022-12-02
385,터닝메카드 - 독꼬리 화이트,"독꼬리 1개, 카드 3장",손오공,6세이상,자동차에서 스콜피온으로 변신! 예리한 독침 독꼬리입니다. 팝업된 메카니멀의 속성과 카드의 해당 속성 파위를 읽어 파워업 배틀! 카드를 향해 터닝카를 슈팅하면 카드를 잡고 순간변신을 합니다. 속성에 따라 점수를 확인하세요.,자동차(모형),063-432-3400,2022-12-02
386,터닝메카드 - 우르스 브라운,"우르스 1개, 카드 3장",손오공,6세이상,자동차에서 곰으로 변신! 고독한 전사 우르스입니다. 팝업된 메카니멀의 속성과 카드의 해당 속성 파위를 읽어 파워업 배틀! 카드를 향해 터닝카를 슈팅하면 카드를 잡고 순간변신을 합니다. 속성에 따라 점수를 확인하세요.,자동차(모형),063-432-3400,2022-12-02
387,터닝메카드 - 크랑 화이트,"크랑 1개, 카드 3장",손오공,6세이상,자동차에서 호랑이로 변신! 얼음 송곳니 크랑입니다. 팝업된 메카니멀의 속성과 카드의 해당 속성 파위를 읽어 파워업 배틀! 카드를 향해 터닝카를 슈팅하면 카드를 잡고 순간변신을 합니다. 속성에 따라 점수를 확인하세요.,자동차(모형),063-432-3400,2022-12-02
388,메가스파이더 - 터닝메카드,본체,손오공,6세이상,메가스파이더의 24관절로 이루어진 8개의 다리가 펼쳐지며 강력한 거미로봇모드로 변신합니다. 팝업된 메카니멀의 속성과 카드의 해당 속성 파위를 읽어 파워업 배틀! 카드를 향해 터닝카를 슈팅하면 카드를 잡고 순간변신을 합니다. 속성에 따라 점수를 확인하세요.,자동차(모형),063-432-3400,2022-12-02
389,터닝메카드 - 만타리 퍼플 ,"만타리 1개, 카드 3장",손오공,6세이상,자동차에서 거미로 변신! 고요한 습격자 만타리입니다.팝업된 메카니멀의 속성과 카드의 해당 속성 파위를 읽어 파워업 배틀! 카드를 향해 터닝카를 슈팅하면 카드를 잡고 순간변신을 합니다. 속성에 따라 점수를 확인하세요.,자동차(모형),063-432-3400,2022-12-02
390,터닝메카드 - 미리내 블루,"미리내 1개, 카드 3장",손오공,6세이상,자동차에서 폐가수스로 변신! 하늘의 지배자 미리내입니다. 팝업된 메카니멀의 속성과 카드의 해당 속성 파위를 읽어 파워업 배틀! 카드를 향해 터닝카를 슈팅하면 카드를 잡고 순간변신을 합니다. 속성에 따라 점수를 확인하세요.,자동차(모형),063-432-3400,2022-12-02
391,터닝메카드 - 피닉스 골드스페셜 ,"피닉스 1개, 카드 3장",손오공,6세이상,골드스페셜 ver. 영생불사의 새 피닉스입니다. 팝업된 메카니멀의 속성과 카드의 해당 속성 파위를 읽어 파워업 배틀! 카드를 향해 터닝카를 슈팅하면 카드를 잡고 순간변신을 합니다. 속성에 따라 점수를 확인하세요.,자동차(모형),063-432-3400,2022-12-02
392,터닝메카드 - 센뿔 그레이,"쎈뿔 1개, 카드 3장",손오공,6세이상,자동차에서 버팔로로 변신! 거침없는 돌격 센뿔입니다. 팝업된 메카니멀의 속성과 카드의 해당 속성 파위를 읽어 파워업 배틀! 카드를 향해 터닝카를 슈팅하면 카드를 잡고 순간변신을 합니다. 속성에 따라 점수를 확인하세요.,자동차(모형),063-432-3400,2022-12-02
393,터닝메카드 - 파이온 오렌지,"파이온 1개, 카드 3장",손오공,6세이상,자동차에서 사자로 변신! 용맹한 맹수 파이온입니다. 팝업된 메카니멀의 속성과 카드의 해당 속성 파위를 읽어 파워업 배틀! 카드를 향해 터닝카를 슈팅하면 카드를 잡고 순간변신을 합니다. 속성에 따라 점수를 확인하세요.,자동차(모형),063-432-3400,2022-12-02
394,터닝메카드 - 메가 옐로우,"메가 1개, 카드 3장",손오공,6세이상,자동차에서 잠자리로 변신! 메카니멀의 신선 메가입니다.팝업된 메카니멀의 속성과 카드의 해당 속성 파위를 읽어 파워업 배틀! 카드를 향해 터닝카를 슈팅하면 카드를 잡고 순간변신을 합니다. 속성에 따라 점수를 확인하세요.,자동차(모형),063-432-3400,2022-12-02
395,터닝메카드 - 베노사 블랙,"베노사 1개, 카드 3장",손오공,6세이상,자동차에서 코브라로 변신! 독사의 왕 베노사입니다. 팝업된 메카니멀의 속성과 카드의 해당 속성 파위를 읽어 파워업 배틀! 카드를 향해 터닝카를 슈팅하면 카드를 잡고 순간변신을 합니다. 속성에 따라 점수를 확인하세요.,자동차(모형),063-432-3400,2022-12-02
396,터닝메카드 - 옥타 블루,"옥타 1개, 카드 3장",손오공,6세이상,자동차에서 문어로 변신! 흐물흐물 재간꾼 옥타입니다. 팝업된 메카니멀의 속성과 카드의 해당 속성 파위를 읽어 파워업 배틀! 카드를 향해 터닝카를 슈팅하면 카드를 잡고 순간변신을 합니다. 속성에 따라 점수를 확인하세요.,자동차(모형),063-432-3400,2022-12-02
397,터닝메카드 - 슈마 그린,"슈마 1개, 카드 3장",손오공,6세이상,자동차에서 F1로봇으로 변신! 스피드의 황제 슈마입니다. 팝업된 메카니멀의 속성과 카드의 해당 속성 파위를 읽어 파워업 배틀! 카드를 향해 터닝카를 슈팅하면 카드를 잡고 순간변신을 합니다. 속성에 따라 점수를 확인하세요.,자동차(모형),063-432-3400,2022-12-02
398,터닝메카드 - 테로 그린 ,"테로1개, 카드 3장",손오공,6세이상,자동차에서 드래곤으로 변신! 위대한 드래곤 테로입니다. 팝업된 메카니멀의 속성과 카드의 해당 속성 파위를 읽어 파워업 배틀! 카드를 향해 터닝카를 슈팅하면 카드를 잡고 순간변신을 합니다. 속성에 따라 점수를 확인하세요.,자동차(모형),063-432-3400,2022-12-02
399,터닝메카드 - 프린스콩 브라운,"프린스콩 1개, 카드 3장",손오공,6세이상,자동차에서 고릴라로 변신! 숲속의 왕자 프린스콩입니다. 팝업된 메카니멀의 속성과 카드의 해당 속성 파위를 읽어 파워업 배틀! 카드를 향해 터닝카를 슈팅하면 카드를 잡고 순간변신을 합니다. 속성에 따라 점수를 확인하세요.,자동차(모형),063-432-3400,2022-12-02
400,터닝메카드 - 타돌 그린,"타돌 1개, 카드 3장",손오공,6세이상,자동차에서 거북이로 변신! 최강 등껍질 타돌입니다. 팝업된 메카니멀의 속성과 카드의 해당 속성 파위를 읽어 파워업 배틀! 카드를 향해 터닝카를 슈팅하면 카드를 잡고 순간변신을 합니다. 속성에 따라 점수를 확인하세요.,자동차(모형),063-432-3400,2022-12-02
401,터닝메카드 - 모스톤 화이트 ,"모스톤 1개, 카드 3장",손오공,6세이상,자동차에서 맘모스로 변신! 무적의 상아뿔 모스톤입니다. 팝업된 메카니멀의 속성과 카드의 해당 속성 파위를 읽어 파워업 배틀! 카드를 향해 터닝카를 슈팅하면 카드를 잡고 순간변신을 합니다. 속성에 따라 점수를 확인하세요.,자동차(모형),063-432-3400,2022-12-02
402,터닝메카드 - 알타 블루 ,"알타 1개, 카드 3장",손오공,6세이상,자동차에서 독수리로 변신! 날쌘돌이 사냥꾼 알타입니다. 팝업된 메카니멀의 속성과 카드의 해당 속성 파위를 읽어 파워업 배틀! 카드를 향해 터닝카를 슈팅하면 카드를 잡고 순간변신을 합니다. 속성에 따라 점수를 확인하세요.,자동차(모형),063-432-3400,2022-12-02
403,터닝메카드 - 크로키 골드스페셜,"크로키 1개, 카드 3장",손오공,6세이상,골드스페셜 ver. 공포의 톱니 크로키입니다. 팝업된 메카니멀의 속성과 카드의 해당 속성 파위를 읽어 파워업 배틀! 카드를 향해 터닝카를 슈팅하면 카드를 잡고 순간변신을 합니다. 속성에 따라 점수를 확인하세요.,자동차(모형),063-432-3400,2022-12-02
404,터닝메카드 - 타이탄 브라운,"타이탄 1개, 카드 3장",손오공,6세이상,자동차에서 골렘으로 변신! 대지의 수호자 타이탄입니다. 팝업된 메카니멀의 속성과 카드의 해당 속성 파위를 읽어 파워업 배틀! 카드를 향해 터닝카를 슈팅하면 카드를 잡고 순간변신을 합니다. 속성에 따라 점수를 확인하세요.,자동차(모형),063-432-3400,2022-12-02
405,터닝메카드 - 나백작 블랙 ,"나백작 1개, 카드 3장",손오공,6세이상,자동차에서 드라큘라로 변신! 어둠의 신사 나백작입니다. 팝업된 메카니멀의 속성과 카드의 해당 속성 파위를 읽어 파워업 배틀! 카드를 향해 터닝카를 슈팅하면 카드를 잡고 순간변신을 합니다. 속성에 따라 점수를 확인하세요.,자동차(모형),063-432-3400,2022-12-02
406,터닝메카드 - 윙톡 블랙 ,"윙톡 1개, 카드 3장",손오공,6세이상,자동차에서 벌로 변신! 윙윙 날아 톡톡 쏘는 윙톡입니다. 팝업된 메카니멀의 속성과 카드의 해당 속성 파위를 읽어 파워업 배틀! 카드를 향해 터닝카를 슈팅하면 카드를 잡고 순간변신을 합니다. 속성에 따라 점수를 확인하세요.,자동차(모형),063-432-3400,2022-12-02
407,터닝메카드 - 무간 골드스페셜,"무간 1개, 카드 3장",손오공,6세이상,골드스페셜 ver. 지옥의 목소리 무간입니다. 팝업된 메카니멀의 속성과 카드의 해당 속성 파위를 읽어 파워업 배틀! 카드를 향해 터닝카를 슈팅하면 카드를 잡고 순간변신을 합니다. 속성에 따라 점수를 확인하세요.,자동차(모형),063-432-3400,2022-12-02
408,터닝메카드 - 캉시 오렌지 ,"캉시 1개, 카드 3장",손오공,6세이상,자동차에서 강시로 변신! 관 속에서 콩콩 캉시입니다. 팝업된 메카니멀의 속성과 카드의 해당 속성 파위를 읽어 파워업 배틀! 카드를 향해 터닝카를 슈팅하면 카드를 잡고 순간변신을 합니다. 속성에 따라 점수를 확인하세요.,자동차(모형),063-432-3400,2022-12-02
409,터닝메카드 - 킹죠스 블루,"킹죠스 1개, 카드 3장",손오공,6세이상,자동차에서 상어로 변신! 바다의 무법자 킹조스입니다. 팝업된 메카니멀의 속성과 카드의 해당 속성 파위를 읽어 파워업 배틀! 카드를 향해 터닝카를 슈팅하면 카드를 잡고 순간변신을 합니다. 속성에 따라 점수를 확인하세요.,자동차(모형),063-432-3400,2022-12-02
410,터닝메카드 아라게,"아라게, 카드 3장",손오공,6세이상,메카드 배틀에서 사용하는 카드는 '메카드'라고 부른다. 자신의 유닛을 이용해 최대의 파워를 끌어낼수 있는 메카드를 찾아내는 것이 승리의 지름길!,자동차(모형),063-432-3400,2022-12-02
411,터닝메카드 고브,"고브, 카드 3장, 불덩어리 1개",손오공,6세이상,메카드 배틀에서 사용하는 카드는 '메카드'라고 부른다. 자신의 유닛을 이용해 최대의 파워를 끌어낼수 있는 메카드를 찾아내는 것이 승리의 지름길!,자동차(모형),063-432-3400,2022-12-02
412,터닝메카드 버키,"버키, 카드 3장",손오공,6세이상,메카드 배틀에서 사용하는 카드는 '메카드'라고 부른다. 자신의 유닛을 이용해 최대의 파워를 끌어낼수 있는 메카드를 찾아내는 것이 승리의 지름길!,자동차(모형),063-432-3400,2022-12-02
413,터닝메카드 마루,"마루, 카드 3장",손오공,6세이상,메카드 배틀에서 사용하는 카드는 '메카드'라고 부른다. 자신의 유닛을 이용해 최대의 파워를 끌어낼수 있는 메카드를 찾아내는 것이 승리의 지름길!,자동차(모형),063-432-3400,2022-12-02
414,터닝메카드 치르매미,"치르매미, 카드 3장",손오공,6세이상,메카드 배틀에서 사용하는 카드는 '메카드'라고 부른다. 자신의 유닛을 이용해 최대의 파워를 끌어낼수 있는 메카드를 찾아내는 것이 승리의 지름길!,자동차(모형),063-432-3400,2022-12-02
415,터닝메카드 뎅뎅,"뎅뎅, 카드 3장",손오공,6세이상,메카드 배틀에서 사용하는 카드는 '메카드'라고 부른다. 자신의 유닛을 이용해 최대의 파워를 끌어낼수 있는 메카드를 찾아내는 것이 승리의 지름길!,자동차(모형),063-432-3400,2022-12-02
416,터닝메카드 크라켄,"크라켄, 카드 3장",손오공,6세이상,메카드 배틀에서 사용하는 카드는 '메카드'라고 부른다. 자신의 유닛을 이용해 최대의 파워를 끌어낼수 있는 메카드를 찾아내는 것이 승리의 지름길!,자동차(모형),063-432-3400,2022-12-02
417,터닝메카드 주니어 테로,본체,손오공,6세이상,메카드 배틀에서 사용하는 카드는 '메카드'라고 부른다. 자신의 유닛을 이용해 최대의 파워를 끌어낼수 있는 메카드를 찾아내는 것이 승리의 지름길!,자동차(모형),063-432-3400,2022-12-02
418,터닝메카드 주니어 피닉스,본체,손오공,6세이상,메카드 배틀에서 사용하는 카드는 '메카드'라고 부른다. 자신의 유닛을 이용해 최대의 파워를 끌어낼수 있는 메카드를 찾아내는 것이 승리의 지름길!,자동차(모형),063-432-3400,2022-12-02
419,터닝메카드 제트 옐로우,"제트옐로우, 카드 3장, 제트기",손오공,6세이상,메카드 배틀에서 사용하는 카드는 '메카드'라고 부른다. 자신의 유닛을 이용해 최대의 파워를 끌어낼수 있는 메카드를 찾아내는 것이 승리의 지름길!,자동차(모형),063-432-3400,2022-12-02
420,터닝메카드 크루기,"크루기, 카드 3장",손오공,6세이상,메카드 배틀에서 사용하는 카드는 '메카드'라고 부른다. 자신의 유닛을 이용해 최대의 파워를 끌어낼수 있는 메카드를 찾아내는 것이 승리의 지름길!,자동차(모형),063-432-3400,2022-12-02
421,터닝메카드 아머피트,"아머피트, 카드 3장, 장갑차",손오공,6세이상,메카드 배틀에서 사용하는 카드는 '메카드'라고 부른다. 자신의 유닛을 이용해 최대의 파워를 끌어낼수 있는 메카드를 찾아내는 것이 승리의 지름길!,자동차(모형),063-432-3400,2022-12-02
422,터닝메카드 피코,"피코, 카드 3장",손오공,6세이상,메카드 배틀에서 사용하는 카드는 '메카드'라고 부른다. 자신의 유닛을 이용해 최대의 파워를 끌어낼수 있는 메카드를 찾아내는 것이 승리의 지름길!,자동차(모형),063-432-3400,2022-12-02
423,터닝메카드 미리내 핑크,"미리내, 카드 3장",손오공,6세이상,메카드 배틀에서 사용하는 카드는 '메카드'라고 부른다. 자신의 유닛을 이용해 최대의 파워를 끌어낼수 있는 메카드를 찾아내는 것이 승리의 지름길!,자동차(모형),063-432-3400,2022-12-02
424,터닝메카드 데스퍼,"데스퍼, 카드 3장",손오공,6세이상,메카드 배틀에서 사용하는 카드는 '메카드'라고 부른다. 자신의 유닛을 이용해 최대의 파워를 끌어낼수 있는 메카드를 찾아내는 것이 승리의 지름길!,자동차(모형),063-432-3400,2022-12-02
425,터닝메카드 하이테로,"하이테로, 카드 6장",손오공,6세이상,메카드 배틀에서 사용하는 카드는 '메카드'라고 부른다. 자신의 유닛을 이용해 최대의 파워를 끌어낼수 있는 메카드를 찾아내는 것이 승리의 지름길!,자동차(모형),063-432-3400,2022-12-02
426,터닝메카드 메카드R레이더,"메카드R레이더, 카드 3장",손오공,6세이상,메카드 배틀에서 사용하는 카드는 '메카드'라고 부른다. 자신의 유닛을 이용해 최대의 파워를 끌어낼수 있는 메카드를 찾아내는 것이 승리의 지름길!,자동차(모형),063-432-3400,2022-12-02
427,레고 시티 기차역 60050,423pcs,레고,만5세부터 12세,"번잡한 레고 시티기차역에서 기다리는동안 상점들을 둘러 보아요. 택시에 내려 계단을  문을 열고 들어가보고, 커다란 시계를 보고 시간을 확인한 다음 노선도를 살펴보세요. 플랫폼에 자리를 잡고 간식을 즐기며 잠시 휴식을 취해 보세요. 미니피겨 차장, 주방장, 태기기사, 승객2명이 들어 있습니다.",블록,063-432-3400,2022-12-02
428,레고 기차 레일 포인트 7895,"오른쪽 방향전환 트랙 1개, 왼쪽 방향전환트랙 1개, 곡선선로 4개",레고,만5세부터 12세,방향전환 트랙으로 더 크고 흥미 진진한 기차 선로를 조립 할수 있습니다.  기차 레일을 더 길게 연결 할 수 있는 여벌 포인트가 들어있습니다.,블록,063-432-3400,2022-12-02
429,레고 10654 XL 크리에이티브 박스,1600pcs,레고,만4세이상,"마음껏 상상의 나래를 펼치고, 멋진 건물과 캐릭터를 디자인하고, 꿈에 그리던 모든 것을 실제로 조립할 수 있고, 밝고 재미난 색상으로 구성된 1,550개 이상의 부품을 이용해 마음이 가는대로 창의력을 발휘 할 수 있습니다.",블록,063-432-3400,2022-12-02
430,레고 프렌즈 놀이공원 롤러코스터 41130,1124pcs,레고,만8세부터 12세,"미니피겨4개가 들어 있고, 롤러코스터, 대관랍차, 수직낙하 놀이기구, 출입문과 매표소, 식당이 들어 있습니다. 신나게 놀이 공원 놀이를 할수 있습니다.",블록,063-432-3400,2022-12-02
431,레고 넥소나이츠 더 포트렉스 70317,1140pcs,레고,만9세부터 14세,"석궁 플라이어, 파이어스키토, 다양한 장비를 갖춘 배틀스테이선 HQ, 미니피겨 7개로 구성된 레고입니다. 넥소 나이츠의 하이테크 2-IN-1 성채 포트렉스를 가동하려 전장으로 진격하세요.",블록,063-432-3400,2022-12-02
432,레고 프랜즈 하트레이크 여름 수영장 41313,589pcs,레고,만6세부터 12세,"재미있는 미끄럼틀, 풀장 옆의 바, 온수 욕조, 소파, 샤워, 인명구조원 감시탑, 화장실, 미니 인형 피겨2개를 이용해 뜨거운 여름을 시원하게 보낼 수 있는 하이레이크 여름 수영장의 모습을 꾸며보세요.",블록,063-432-3400,2022-12-02
433,레고 빅소나이츠 클레이의 팔콘파이터 블래스터 70351,523pcs,레고,만8세부터 14세,6연발 스터드 슈터로 무장한 클레이의 2-IN-1 팔콘파이터 블레스터와 초대형 메이스를 든 조립식 그림록 몬스터 사이의 전투 장면을 멋지게 연출할 수 있습니다.,블록,063-432-3400,2022-12-02
434,"RC카, 레고시티 화산탐사기지 60122 ",324pcs,레고,만6세부터 12세,"미니피겨 3개와 화산 크롤러, ATV, 바위 받침대가 들어 있습니다. 이동을 위한 넓은 궤도와 길게 늘릴 수 있는 대형 회전식 착암기를 갖춘 화산 크롤러 입니다. ATV를 이용해 바위를 적당한 위치로 옮겨 보세요.",블록,063-432-3400,2022-12-02
435,레고 75093(스타워즈 데스스라 최종결전),724pcs,레고,만8세부터 14세,"스타워즈: 에피소드6 - 제다이의 귀환에 등장하는 루크 스카이워커, 다스베이더, 팰퍼핀 황제 사이에서 벌어지는 최종 결전 장면을 재현한 레고 입니다.",블록,063-432-3400,2022-12-02
436,레고 75094(제국의 셔틀),937pcs,레고,만9세부터 14세,"스타워즈: 에피소드6 - 제다이의 귀환에 등장하는 제국의 두번째 데스스타가 파괴되는 장면에서 펼치는 이 인상적인 레고 스타워즈 우주선은 비행모드와 착륙모드의 전환이 가능한 접이식 날개, 접이식 랜딩기어, 미니피겨2개를 태울 수 있고 여닫을 수 있는 조종석을 갖추고 있습니다.",블록,063-432-3400,2022-12-02
437,레고 베트맨 무비 스키틀러 블록 70908,775pcs,레고,만9세부터 14세,"영화 배트맨을 한장면을 재현한 레고로 그물망 슈터, 스터드 슈터 6개, 신축 가능한 팔, 제트팩으로 무장한 스커틀러에 배트맨을 태우고 조커와 포이즌 아이비에게 불잡힌 인질을 구출하세요.",블록,063-432-3400,2022-12-02
438,레고 디즈니 모아나의 바다 탐험 블록 41150,307pcs,레고,만6세부터 12세,"주인공 모아나, 힘센 장사 친구 마우니, 수탉 헤이헤이, 그리고 모양 바꾸기 기능을 이용해 위기를 빠진 섬과 조화를 되찾은 섬의 모양을 꾸며보세요.",블록,063-432-3400,2022-12-02
439,레고 21131 마인크래프트 아이스 스파이크,454pcs,레고,만8세이상,"아이스 스파이크에서 적대적인 거미와 전투를 벌이는 레고 입니다. 은신처와 눈 골렘을 조립하고 거미에게 기습 공격을 펼치세요. 도서관에 들어가 인챈트 테이블을 사용하여 곡괭이의 파워를 높이고, 얼음 블록을 채굴하여 긴사다리를 만든 다음, 아이스 스파이크 높은 곳의 침대를 조립하세요.",블록,063-432-3400,2022-12-02
440,레고 21132 마인크래프트 정글 사원,598pcs,레고,만8세이상,"정글 사원의 보물을 찾으세요. 스티브 미니피겨와 오실롯과 스켈레톤 두마리가 들어 있고, 마인크래프트 정글 사원과 함께 벽을 뒤덮은 정글, 조립식 나무, 코코아 콩 등의 소품으로 다채로운 창작품을 조립해 보세요.",블록,063-432-3400,2022-12-02
441,레고 75883 스피드챔피언 메르세데스 AMG 페르토나스 포뮬러 팀,941pcs,레고,만8세부터 14세,"카레이서와 엔지니어, 팀매니저, TV카메라 등의 다양한 캐릭터와 장비, 포뮬러 경주용 자동차가 있습니다. 자유로이 움직이는 카메라 팔이 달린 티비 카메라 설비와 촬영 장비를 이용해 레이싱 장면을 촬영하세요.",블록,063-432-3400,2022-12-02
442,레고 75882 스피드챔피언 페라리 FXX K & 개발 센터,493pcs,레고,만8세부터 14세,"자동차 개발 센터의 전문 엔지니어가 되어보세요. 윈드 터널, 실헙실, 3D 자동차 모델 등 다양한 요소가 비치된 개발 센터에서 레고 스피드 챔피언 버전 페라리 FXXK 를 설계하고 테스트 하세요.",블록,063-432-3400,2022-12-02
443,레고 41184 엘프 아이라의 비행선과 추격전,343pcs,레고,만8세부터 12세,엘븐데일에서 추격전이 펼쳐집니다. 고블린 듀클린이 아이라의 비행선에 탄 에밀리 존슨를 찾아내고 고블린 글라이더로 급하강 공격을 펼치세요. 아이라가 가진 바람의 힘으로 비행선을 초고속 비행모드로 전환하고 고블린이 목걸리를 고블린 왕에게 가져가기전에 붙잡으세요.,블록,063-432-3400,2022-12-02
444,레고 70350 넥소나이츠 세명의 형제들,266pcs,레고,만8세부터 14세,고대의 몬스터를 깨우려는 사악한 몬스트룩스를 저지하세요. 거대한 얼굴과 강한 턱과 투석기로 무장한 롤링 몬스터 전투차에 탄 삼형제 스톤 몬스터와 액슬이 한판 대결을 펼칠 준비를 하세요.,블록,063-432-3400,2022-12-02
445,레고 41312 프렌즈 하트레이크 스포츠 센터,328pcs,레고,만6세부터 12세,"미아와 로보트 미니 피겨와 하트레이크 스포츠 센터와 즐거운 놀이를 해보세요. 런닝머신, 펀치백, 골대, 요가 스튜디오, 축구골대, 자전거, 주스 바 등 온갖 시설이 갖춰진 하트레이크 스포츠 센터에서 친구들과 함께 체력 단련을 해보세요.",블록,063-432-3400,2022-12-02
446,레고 75174 스타워즈 데저트 스키프 탈출 작전,277pcs,레고,만7세부터 12세,영화 스타워즈에서 봤던 기체나 캐릭터를 직접 조립하고 영화 속의 주인공이 되는 경험을 할 수 있는 레고 입니다. 널판지가 설치된 자바의 스키프와 미니 피겨를 단숨에 삼킬 만큼 커단란 입을 가진 무시무시한 살락 구덩이를 이용해 전투 장면을 재현해 보세요.,블록,063-432-3400,2022-12-02
447,레고 75172 스타워즈 Y-윙 스타파이터,691PCS,레고,만8세부터 14세,"영화 스타워즈 재현 장면으로 Y-윙 스타이터와 즐거운 놀이를 해보세요. 여닫이식 조종석, 회전 포탑, 스프링 슈터, 폭탄 투하장치, 미니피겨 네개와 드로이드 피겨를 이용해 Y-윙 스타파이터에 탄약을 장전하고 전투를 대비하세요.",블록,063-432-3400,2022-12-02
448,레고 75171 스타워즈 스카리프의 전투,419PCS,레고,만8세부터 14세,"영화 스타워즈 재현 장면으로 비치 벙커에 잠입하여 특급 비밀 데스스타 정보를 찾아내기 위한 작전을 펼치세요. 개방형 조종석, 세개의 엔진, 여닫을 수 있는 트렁크를 갖춘 랜드스피더와 미니피겨 네개와 윔프 랫 피겨를 이용해 밴 케노비를 찾아 타투인의 사막을 달리는 루크의 모습을 재현 합니다.",블록,063-432-3400,2022-12-02
